,country,year,contamination_ml,population_ml,PBI_ml,forest_ml,wage_ml,life_expect_ml
0,Australia,1990,5728.46,133582538.43799998,2149930.079794,34859.0,44887.842550436006,77.0
1,Australia,1991,5747.308000000001,135320882.07899997,1287432.364323,35711.2,45081.484579228796,77.4
2,Australia,1992,5896.593000000001,136876387.588,1545503.444202,36563.4,46206.4614589767,77.5
3,Australia,1993,6120.709,138140563.11699998,2169026.303259,37415.6,46882.86849637703,78.0
4,Australia,1994,6262.916,139567284.445,1658637.446067,38267.8,47396.764409518895,78.0
5,Australia,1995,6107.829000000001,141238101.61500004,1572715.726761,39120.0,47559.16310328257,77.9
6,Australia,1996,6281.889,143089680.55999997,1404395.917608,41058.9454,49218.22698055126,78.2
7,Australia,1997,6297.543000000001,144892285.28699997,1190093.478674,42997.8908,50890.2708463718,78.5
8,Australia,1998,5941.221,146580324.23300004,1268290.6970280001,44936.8362,51807.93541752253,78.7
9,Australia,1999,5803.816999999999,148410081.454,1083117.0,46875.7816,53184.231049256196,79.0
10,Australia,2000,5387.306,150343554.924,1104030.0,48814.727,53818.6726855619,79.3
11,Australia,2001,5121.710999999999,152498148.78700003,1363315.172018,24474.0,54930.0263987672,79.7
12,Australia,2002,4985.813,154456742.592,1182492.0,24296.0,55777.95699341103,80.0
13,Australia,2003,4499.161,156446374.40600002,1230448.0,25819.0,56821.356205688564,80.3
14,Australia,2004,4593.24,158313508.27400008,1269874.0,26498.0,58856.635921345594,80.6
15,Australia,2005,3973.013,160440066.18599996,1305361.0,53996.35799999999,60013.7857501592,80.9
16,Australia,2006,3944.595,162772419.99699998,1355543.0,26734.156000000003,61081.69353472133,81.1
17,Australia,2007,3382.893,165892236.068,1434606.0789,27192.006,63392.0838357877,81.4
18,Australia,2008,3226.74,169359992.018,1444704.5807,28367.757999999998,64565.32843613677,81.5
19,Australia,2009,3158.219,172966834.11,1484747.7247,51422.803,64530.77211982553,81.6
20,Australia,2010,2994.7909999999997,175783486.11900002,1548599.3559,25563.0,67256.76948359357,81.8
21,Australia,2011,2939.8390000000004,178365220.03900003,1632454.3027,26532.0,69957.56720390024,82.0
22,Australia,2012,2902.792,181485536.56399998,1656571.1417,23497.0,70964.2177967258,82.1
23,Australia,2013,2838.238,184628426.973,1671665.0823,22580.0,71242.69784929873,82.2
24,Australia,2014,2768.8959999999997,187410679.404,1691096.1733,25266.0,72295.4661603903,82.4
25,Australia,2015,2721.381,190104517.75800002,1724123.0,27290.0,72095.86067996704,82.5
26,Australia,2016,2648.313,193040770.25799996,1764512.0,30083.0,72380.36476635835,82.5
27,Australia,2017,2815.042,196285168.56900004,1847675.0,52835.551999999996,72101.10407336139,82.6
28,Austria,1990,1179.478,61192237.043,282568.0091,75588.10399999999,32065.595561879367,75.7
29,Austria,1991,1175.156,61833413.80499999,292321.3291,98340.656,33290.77980295586,75.7
30,Austria,1992,1119.685,62512238.567999996,299058.94899999996,100275.30666666667,34211.55982274053,75.9
31,Austria,1993,1063.8039999999999,63016551.30699999,299364.8828,102209.95733333334,34725.9197401427,76.2
32,Austria,1994,1007.768,63263970.10500001,308830.1618,104144.60800000001,35258.60738625503,76.5
33,Austria,1995,914.243,63358887.173,316761.5782,106079.25866666666,35727.05135659064,76.8
34,Austria,1996,922.687,63449774.37,323135.9092,108013.90933333333,35591.001411416735,77.0
35,Austria,1997,863.222,63575547.569,327053.2027,109948.56,35414.48304384543,77.4
36,Austria,1998,828.179,63722506.895,336568.888,110329.836,36581.8877771246,77.8
37,Austria,1999,723.67,63922202.261999995,346139.6557,110711.112,37406.0922521447,78.0
38,Austria,2000,728.242,64151451.61199999,354382.5334,111092.38799999999,37691.74273620733,78.2
39,Austria,2001,708.173,64473763.053,355822.3385,111473.66399999999,37813.21029837896,78.7
40,Austria,2002,683.222,64859954.648,361535.2107,111854.94,38471.2137208406,78.8
41,Austria,2003,691.091,65208700.437999986,364938.9596,112236.216,38732.66041688083,78.7
42,Austria,2004,680.747,65639265.02600001,374920.4789,112617.492,39636.8814385583,79.3
43,Austria,2005,616.616,66077740.183999985,383333.9393,112998.768,40096.829452450875,79.4
44,Austria,2006,608.234,66450854.74999999,396574.4539,105043.23584615384,40903.7378206684,80.0
45,Austria,2007,577.364,66727596.96899999,411356.4308,97087.7036923077,41374.1894488853,80.3
46,Austria,2008,555.5740000000001,67019120.89099999,430310.2271,89132.17153846154,42351.61442379496,80.5
47,Austria,2009,536.446,67260578.949,414110.8622,81176.63938461538,43094.7142592111,80.4
48,Austria,2010,551.322,67525138.616,409030.7075,73221.10723076924,43113.1157646226,80.7
49,Austria,2011,522.927,67871603.95099999,431120.3101,65265.57507692308,43039.47360109163,81.1
50,Austria,2012,523.556,68260686.114,434053.8492,57310.04292307692,43563.5400831255,81.0
51,Austria,2013,564.124,68747264.224,430068.713,49354.51076923077,43887.286223728435,81.2
52,Austria,2014,520.08,69355654.18799998,441996.1317,41398.97861538462,44315.848946652965,81.6
53,Austria,2015,537.5980000000001,70111568.03699999,446480.1895,33443.446461538464,44783.70014768307,81.3
54,Austria,2016,533.332,71043044.018,452642.7859,25487.914307692306,45442.13539033226,81.7
55,Austria,2017,527.241,71548825.704,474514.7146,17532.382153846163,45631.0341405992,81.7
56,Belgium,1990,1386.3039999999999,79534819.69000003,336545.6965,9576.85,33126.721506670634,76.1
57,Belgium,1991,1340.2620000000002,79764181.34200001,342220.966,8541.48,34795.6788979322,76.3
58,Belgium,1992,1312.1270000000002,80025205.083,348380.3978,7506.110000000001,36059.96489231633,76.5
59,Belgium,1993,1224.26,80307192.833,345200.9513,6470.74,37029.882544891865,76.5
60,Belgium,1994,1123.972,80552994.60199998,353648.2208,5435.37,37945.7484417748,76.8
61,Belgium,1995,1107.683,80729262.46700002,361036.8114,4400.0,37954.57110575513,77.0
62,Belgium,1996,1078.277,80913080.38699998,366502.5387,5269.3308,38418.1479192416,77.3
63,Belgium,1997,983.977,81153192.321,376893.3473,6138.6616,39097.74137260124,77.5
64,Belgium,1998,940.2360000000001,81373048.28299999,386153.7886,7007.9924,39143.663009838434,77.6
65,Belgium,1999,864.56,81607492.285,397394.4018,7877.323200000001,41296.321656338434,77.7
66,Belgium,2000,925.5989999999999,81853664.351,412164.2686,8746.654,41344.466499638234,77.8
67,Belgium,2001,877.6210000000001,82187032.367,416696.4935,8933.0892,41791.976805417034,78.1
68,Belgium,2002,863.1110000000001,82614476.294,423809.0408,9119.5244,42662.4242090647,78.2
69,Belgium,2003,837.382,83025636.23299998,428207.9796,9305.9596,43016.327867252636,78.2
70,Belgium,2004,798.857,83452792.21299997,443500.1126,9492.3948,43096.921629676304,79.0
71,Belgium,2005,752.186,83989660.045,453797.0205,9678.83,43130.618126377136,79.1
72,Belgium,2006,697.352,84640927.58700001,465379.5258,9779.581,43669.34654755629,79.5
73,Belgium,2007,652.335,85366479.09300002,482491.1505,9880.332,43810.21851676063,79.9
74,Belgium,2008,653.068,86117384.95400003,515242.61,9981.082999999999,44334.327748017,79.8
75,Belgium,2009,426.566,86861261.113,504830.9696,10081.833999999999,44661.447963537474,80.1
76,Belgium,2010,496.185,87697009.316,495103.2259,10182.585,44632.59223405787,80.3
77,Belgium,2011,393.63199999999995,88506149.75000003,523162.927,9693.2425,45317.57015513526,80.7
78,Belgium,2012,343.25699999999995,89115786.35399999,526509.0712,9203.900000000001,45896.201149226974,80.5
79,Belgium,2013,518.376,89598920.85000002,521642.7144,34764.41666666667,46611.142294795,80.7
80,Belgium,2014,318.81,90070937.29099998,534678.0758,60324.933333333334,46944.34271806683,81.4
81,Belgium,2015,371.31800000000004,90576959.59899999,545546.9528,85885.45000000001,46686.417958616534,81.1
82,Belgium,2016,359.29900000000004,91059479.80899999,542270.4343,111445.96666666667,46783.84306887506,81.5
83,Belgium,2017,291.693,91512046.06200002,571270.0271,137006.48333333334,46854.8013014473,81.6
84,Canada,1990,12380.47,217511328.30000007,1122794.505,162567.0,37592.67845663116,77.2
85,Canada,1991,12163.55,220247615.745,1099372.0519,160880.0,37867.54850883583,77.5
86,Canada,1992,11992.0,222879759.565,1109269.254,170131.0,38637.51530943033,77.7
87,Canada,1993,12320.8,225438153.21900004,1138785.3179,175999.0,38815.84608281073,77.8
88,Canada,1994,12341.5,228078542.81800008,1189967.6393,183261.0,38758.72651722416,77.9
89,Canada,1995,12150.79,230637718.36099994,1222025.0851,188497.0,39023.70102214476,77.9
90,Canada,1996,11771.6,233291897.99699998,1241811.7788,183375.0,39589.74220193647,78.1
91,Canada,1997,11390.72,236002389.551,1294961.8207,188750.0,41254.67176435283,78.3
92,Canada,1998,11371.52,238362065.21800005,1345415.4995,176957.0,42254.02773187973,78.5
93,Canada,1999,11123.77,240741816.79199997,1414878.1392,199574.0,42998.56655832733,78.7
94,Canada,2000,10850.05,243426798.306,1488135.3747,202372.0,44512.04847121523,79.0
95,Canada,2001,10008.69,246535311.78199998,1514772.5937,187300.0,44612.4625052369,79.2
96,Canada,2002,9819.604,248744009.60300004,1560489.1962,198231.0,44405.60580735576,79.4
97,Canada,2003,9500.119,251446965.038,1588601.6915,184273.0,44645.67561182077,79.6
98,Canada,2004,8945.681,254281228.502,1637641.521,210871.0,46072.02654413193,79.8
99,Canada,2005,7963.996999999999,257204873.89999998,1690114.8377,205665.0,48313.037675761996,80.0
100,Canada,2006,7462.758000000001,261421173.27000007,1734637.5973,185359.0,50076.16359954747,80.3
101,Canada,2007,7296.66,264441836.951,1771395.1459,165921.0,51574.05547710756,80.4
102,Canada,2008,7102.399,267725202.76699993,1821688.2989,141397.0,52820.15460398043,80.6
103,Canada,2009,6741.941,271175122.68600005,1770701.3677,118935.0,53436.21120574704,80.8
104,Canada,2010,6725.29,274598294.69199985,1862602.6341,144274.0,53909.36576891677,81.1
105,Canada,2011,6923.382,277644878.9610001,1925665.7483,150483.0,55131.9389267739,81.3
106,Canada,2012,7426.188,280849599.5490001,1965051.6807,153185.0,56662.665118669334,81.5
107,Canada,2013,7400.078,284014976.11599994,2007536.8349,155531.0,58026.87965038463,81.7
108,Canada,2014,7432.798000000001,287044700.5750001,2042347.1741,155136.0,59054.2856182378,81.8
109,Canada,2015,7441.422,289318193.035,2040370.0,160164.0,59584.44833748567,81.9
110,Canada,2016,7455.478,292571533.66699994,2071988.0,156744.0,58338.568940584264,82.0
111,Canada,2017,7499.258000000001,295990806.44799995,2188411.0,229242.16700000002,59145.9382720956,82.0
112,Chile,2005,4387.499,125801698.23900001,109556172.7261,301740.33400000003,5561042.349618112,77.6
113,Chile,2006,4515.045999999999,127424889.14,116477029.3633,307494.57700000005,5511843.433454781,78.0
114,Chile,2007,4495.765,129071510.05499999,122190605.6197,313248.82,5616554.708579111,77.5
115,Chile,2008,4668.876,130766053.07399999,126503360.3607,319003.06299999997,5911433.319206469,78.1
116,Chile,2009,4717.744000000001,132467878.23000003,124524544.9006,324757.306,6389211.791600041,78.2
117,Chile,2010,4910.6759999999995,134152467.48300001,131801980.0985,330584.078,6730469.985052567,78.0
118,Chile,2011,4935.643,135886216.75499997,141061038.3057,336410.85,6889730.190883406,78.7
119,Chile,2012,4831.531,137608911.96100003,151230332.1352,342237.622,7204233.89573425,78.7
120,Chile,2013,4780.09,139167715.011,156680508.7802,243110.577,7491330.432283041,79.5
121,Chile,2014,3538.502,140774547.85299996,155960384.3854,245953.535,7748059.738020661,79.7
122,Chile,2015,2155.001,142415580.79500002,159903692.511,245170.538,7940281.115561333,79.9
123,Chile,2016,2419.215,144133105.776,169469507.0,163643.15866666666,8339325.796804927,80.2
124,Chile,2017,2460.212,146296310.728,180211289.722,82115.77933333334,8176887.9145816825,80.05000000000001
125,Costa Rica,2015,10.55,37824791.945999995,29535657.2773,588.4,7167770.918412655,79.9
126,Costa Rica,2017,22.86,38841839.68100001,33014818.768000003,446.53,6158653.922243627,80.2
127,Czech Republic,1990,2070.889,81618614.89799999,5220360674961800.0,67337.782,5149536.926074598,71.6
128,Czech Republic,1991,1958.515,81331016.96799998,1.82346153832389e+16,43001.622,4140419.9299055706,72.0
129,Czech Republic,1992,1928.375,81519488.905,1.17456104402292e+16,41337.56,3131302.9337365422,72.5
130,Czech Republic,1993,1711.269,81761374.771,8282663732662950.0,42865.582,2122185.9375675144,72.9
131,Czech Republic,1994,1639.513,81969756.40999998,2959589436202800.0,46227.671,1113068.9413984865,73.2
132,Czech Republic,1995,1561.711,82084875.704,1505891317612450.0,67087.69099999999,103951.94522945903,73.3
133,Czech Republic,1996,1625.5420000000001,82134546.697,3015832.9928,47842.699,116982.65021860227,74.0
134,Czech Republic,1997,1479.734,82247007.361,2987348.1942,50075.741,122327.02757219884,74.1
135,Czech Republic,1998,1261.969,82382015.548,2936101.4331,51407.76,125736.53931048303,74.7
136,Czech Republic,1999,1123.2730000000001,82480735.20600002,2973665.264,52319.755,131561.47123182783,74.9
137,Czech Republic,2000,1074.6589999999999,82594912.63300003,3098015.6479,53954.729,137851.07209580977,75.1
138,Czech Republic,2001,1058.399,82402774.273,3219064.9125,54139.715,146852.68892282093,75.3
139,Czech Republic,2002,1018.176,82402686.02399997,3334577.8528,54563.722,156635.74814117656,75.4
140,Czech Republic,2003,1033.116,82581501.93399999,3453653.1245,55915.751,168535.34794970587,75.3
141,Czech Republic,2004,1020.585,82777956.05499998,3573697.6375,57130.767,179129.2582996943,75.8
142,Czech Republic,2005,934.4630000000001,83124134.74099998,3748449.2625,57061.758,185375.26450736207,76.1
143,Czech Republic,2006,939.082,83491610.04800001,809952936277950.0,61989.859,194252.54685237538,76.7
144,Czech Republic,2007,938.758,84013807.62799999,1049325582471350.0,63987.893,202618.16649601108,77.0
145,Czech Republic,2008,885.632,84888941.63800003,1207573590049150.0,58963.777,206957.1956805013,77.3
146,Czech Republic,2009,903.316,85344021.965,959110382856300.0,58346.716,207296.64145782343,77.4
147,Czech Republic,2010,926.715,85479430.27799997,1322799337303350.0,60644.788,213055.37113560832,77.7
148,Czech Republic,2011,896.528,85225279.07499999,1043364582771750.0,57861.717,216219.8863574116,78.0
149,Czech Republic,2012,882.706,85211916.155,649227731352550.0,57294.698,218290.3317131371,78.2
150,Czech Republic,2013,883.0889999999999,85127941.22500001,664262778160550.0,58053.706,216838.8756825,78.3
151,Czech Republic,2014,843.176,85176080.14099997,164220473991650.0,58513.708,221992.88944190278,78.9
152,Czech Republic,2015,825.654,85253289.06100002,4595783.0,60001.741,228166.96785607678,78.7
153,Czech Republic,2016,820.002,85349336.01600003,78560309700.0,63430.801,236536.22512414798,79.1
154,Czech Republic,2017,818.982,85451485.098,5047267.0,67492.876,249077.49883853368,79.1
155,Denmark,1990,713.415,40945767.126,16471545.945106,9774.359,187441.04733455306,74.9
156,Denmark,1991,743.4839999999999,41069663.79600001,15659570.580052,1664.0,190194.82148009734,75.3
157,Denmark,1992,725.4889999999999,41220140.570999995,16545492.192797,1666.0,197614.56146019007,75.3
158,Denmark,1993,711.791,41386307.60800001,16310764.562920999,1546.0,200553.72355257478,75.2
159,Denmark,1994,671.576,41541030.982,15704568.347251998,1611.0,195216.39153437698,75.5
160,Denmark,1995,638.675,41754344.43300001,16298370.84069,1675.0,200696.62197250975,75.3
161,Denmark,1996,617.096,42051579.662999995,16710706.494617002,6400.51,205673.08187773722,75.7
162,Denmark,1997,570.7080000000001,42263602.802999996,16589115.729048999,1580.0,210469.454790891,76.1
163,Denmark,1998,533.361,42424824.021,15328715.138638001,1487.0,215453.61476377634,76.5
164,Denmark,1999,485.091,42580093.42699999,15696835.520560998,1492.0,219491.868658493,76.6
165,Denmark,2000,464.718,42737092.864,13842643.683026,10764.593,221790.72927050584,76.9
166,Denmark,2001,454.85900000000004,42887848.543,13431981.348599,1559.0,225380.26212973948,77.0
167,Denmark,2002,431.66,43049104.55799998,10917246.319022,1397.0,232306.76611905041,77.1
168,Denmark,2003,433.75300000000004,43170374.647,11317834.97823,1572.0,239282.90266352243,77.4
169,Denmark,2004,416.95099999999996,43301058.94900001,10856421.010352999,1623.0,245849.60055684616,77.8
170,Denmark,2005,417.58099999999996,43442553.40400001,8949988.067362,9709.731000000002,251787.61288726,78.3
171,Denmark,2006,404.916,43619000.10199998,7547541.956319001,2043.0,258456.96188934936,78.4
172,Denmark,2007,407.67,43821155.02999998,6077583.403894001,2217.0,263222.10940177797,78.4
173,Denmark,2008,386.144,44083760.348000005,3227516.39023,2062.0,270115.33410314354,78.8
174,Denmark,2009,353.504,44326823.842,2034059.1303619999,2091.0,278202.74603389093,79.0
175,Denmark,2010,345.82199999999995,44522051.527,1910013.5134,10098.577000000001,284483.0289321885,79.3
176,Denmark,2011,304.39799999999997,44702835.172,1935546.1496,2231.0,285987.96415529435,79.9
177,Denmark,2012,286.673,44873506.632999994,1939930.1577,23725.593,288658.129722096,80.1
178,Denmark,2013,272.656,45066397.635000005,1958036.3204,18035.606,291617.8048999909,80.4
179,Denmark,2014,249.07299999999998,45350674.21299999,1989744.6395,19761.564,298026.16010596236,80.8
180,Denmark,2015,253.252,45695316.541999996,2036356.207,18493.523,303810.1172711708,80.8
181,Denmark,2016,243.28400000000002,46098242.80600002,2107808.2180000003,17533.58,309176.1293546444,80.9
182,Denmark,2017,240.575,46423066.94999999,2175105.8,16962.796,309196.5884979009,81.2
186,Estonia,1993,159.841,11849556.228,16796.3229,3415.292,106881.94725987306,68.2
187,Estonia,1994,162.554,11603136.477999996,16520.4559,5085.519,56303.286950366106,66.8
188,Estonia,1995,212.16400000000002,11400958.624999994,17268.2844,15087.767,5724.626640859147,67.9
189,Estonia,1996,244.851,11241526.664,18120.6421,6189.383000000001,6112.433658193936,69.9
190,Estonia,1997,247.885,11127076.595999999,20484.7579,9033.464,6774.586804254232,70.1
191,Estonia,1998,218.75799999999998,11038024.321000002,21371.8085,9811.155999999999,7259.187707587381,69.7
192,Estonia,1999,202.99200000000002,10976841.822,21285.5872,21720.845999999998,7583.408779171547,70.6
193,Estonia,2000,198.565,11179993.382,23436.8191,34069.704000000005,8204.074628002723,71.0
194,Estonia,2001,200.412,11125043.026999999,24836.0583,37905.619,8610.33054042416,70.9
195,Estonia,2002,189.953,11070012.863,26525.5041,33276.482,9193.721725815672,71.4
196,Estonia,2003,182.753,11015262.828,28532.6073,32750.270000000004,10062.817845168118,71.8
197,Estonia,2004,173.727,10964322.828,30463.5391,29322.931,10895.539972644225,72.4
198,Estonia,2005,155.328,10916312.784000002,33354.6194,28989.042999999998,11646.169021209489,72.9
199,Estonia,2006,141.555,10861692.840999998,37136.4503,24574.703999999994,12778.249530809218,73.1
200,Estonia,2007,157.475,10817992.834000003,40561.3576,23421.521000000004,15077.72379948369,73.2
201,Estonia,2008,156.43,10796022.164,37364.5122,22347.346,15546.915026249068,74.2
202,Estonia,2009,155.839,10781711.151999999,31971.3676,25921.625,15010.046721481302,75.2
203,Estonia,2010,156.673,10762800.251999998,32836.8014,29842.398999999998,15066.385466658001,75.9
204,Estonia,2011,131.747,10733947.652,35280.3798,31704.645999999997,14636.361934658735,76.4
205,Estonia,2012,141.861,10696187.227,36377.6824,34252.183,15387.493089995934,76.5
206,Estonia,2013,134.217,10656018.746,36867.3943,34318.962,15722.3110743753,77.3
207,Estonia,2014,128.754,10623506.367,38300.1631,34337.136000000006,16575.9531006726,77.2
208,Estonia,2015,128.787,10617018.337,39006.7572,34417.816,17206.835141087202,77.7
209,Estonia,2016,139.947,10618306.687000003,40675.2684,35747.825,18178.976818082567,77.8
210,Estonia,2017,138.13,10624163.052000005,44363.5168,36386.34,18851.854818386633,78.2
211,Finland,1990,708.1610000000001,39533913.645000026,168589.9764,135840.682,28281.268197635636,75.0
212,Finland,1991,683.8539999999999,39761775.344,154951.2781,138550.8938,28883.81721475016,75.5
213,Finland,1992,669.9910000000001,39995367.07200001,146117.0815,141261.1056,28691.594331427466,75.7
214,Finland,1993,650.7769999999999,40185400.91700001,141063.6888,143971.3174,27919.8558605202,75.8
215,Finland,1994,631.52,40368611.03599999,146613.8373,146681.52920000002,28370.8574688105,76.6
216,Finland,1995,616.3380000000001,40552541.34799999,153306.2065,149391.741,29551.3406894987,76.6
217,Finland,1996,608.571,40744739.636999995,158400.9172,152322.1416,30330.55297326967,76.9
218,Finland,1997,601.029,40945203.888,168434.4035,155252.5422,30509.09212772683,77.1
219,Finland,1998,586.7230000000001,41145118.063999996,177625.8669,158182.94280000002,31435.032453371532,77.3
220,Finland,1999,572.862,41330378.087,185405.2651,161113.3434,32295.7738935516,77.5
221,Finland,2000,545.2869999999999,41492555.99099999,196109.3892,164043.744,33120.83446319427,77.7
222,Finland,2001,545.12,41652081.78199999,201227.3489,163603.706,33537.34077239116,78.2
223,Finland,2002,530.99,41813105.55600002,204662.5047,166401.703,33878.93165325336,78.3
224,Finland,2003,510.772,41968259.53,208763.3305,169396.702,34625.8703169433,78.5
225,Finland,2004,492.434,42138843.756000005,217097.8677,170624.695,35816.0527222527,79.0
226,Finland,2005,465.75199999999995,42338243.84199999,223132.3658,376118.661,36745.780291145435,79.1
227,Finland,2006,454.661,42545412.21,232118.91199999998,377537.634,37739.3760343265,79.5
228,Finland,2007,437.077,42770312.39100001,256039.4176,389330.699,38521.274485382135,79.6
229,Finland,2008,414.967,43014310.17299999,284564.5178,391026.675,39269.5843495677,79.9
230,Finland,2009,394.881,43246624.350999996,261587.0269,379842.568,39800.11573877904,80.1
231,Finland,2010,406.275,43454633.073999986,260525.1492,394654.686,40600.08417559423,80.2
232,Finland,2011,368.838,43640980.48799999,276806.2081,396547.692,41135.12544665446,80.6
233,Finland,2012,364.88300000000004,43822104.160000004,274523.6085,396496.683,41519.65402769214,80.7
234,Finland,2013,350.923,43995823.70499998,274145.2338,404647.74,41389.67249525003,81.1
235,Finland,2014,345.30300000000005,44152627.01999999,277104.2626,404538.74,41552.14449133797,81.3
236,Finland,2015,328.708,44279732.077999994,281065.8896,408285.77,41987.25896409283,81.6
237,Finland,2016,334.94300000000004,44396464.84600001,244896.0172,410962.801,42381.07863780844,81.5
238,Finland,2017,326.117,44492875.48899999,257428.622,411752.815,42304.680713251,81.7
239,France,1990,10280.11,448508640.2369999,1870872.6352,228064.63,27371.71254148254,77.0
240,France,1991,10792.26,461477216.1969999,1877830.6306,231950.632,27871.194217896835,77.2
241,France,1992,10081.62,463564103.727,1901132.8591,236161.638,28362.61006110277,77.5
242,France,1993,9626.399,465519953.274,1889181.0761,238074.62,28801.11940051753,77.6
243,France,1994,8933.404,467290474.8000001,1933734.4307,241926.621,28989.277341963167,78.0
244,France,1995,8964.139000000001,469062166.399,1974472.3218,245929.625,29495.653120996703,78.1
245,France,1996,8407.44,471014709.999,2002371.4911,250424.634,29702.025030414134,78.3
246,France,1997,7863.203,473206341.5220001,2049152.8261,254446.638,30102.422395774967,78.6
247,France,1998,7565.479,475487111.05799997,2122689.9424,256982.655,30583.6647913262,78.8
248,France,1999,7140.475,478427076.72800004,2195315.1003,257539.652,31218.2284272082,78.9
249,France,2000,6501.545,482187856.66099995,2281452.0028,260243.343,31557.2023777076,79.2
250,France,2001,6141.225,486175642.769,2326709.6544,262947.034,31926.776321502362,79.3
251,France,2002,5921.653,490202084.84800005,2353130.1752,265650.725,32864.872828802836,79.4
252,France,2003,5630.348000000001,494187962.8300001,2372500.2199,262152.648,33287.40942872073,79.3
253,France,2004,5731.04,498335112.848,2439636.1143,260163.587,34034.5681779402,80.3
254,France,2005,5235.573,502619478.69899994,2480212.6301,253282.5716,34625.34462041163,80.4
255,France,2006,4656.7609999999995,506639644.21500003,2540961.0634,246401.5562,35230.4728209828,81.0
256,France,2007,4491.071,510224189.73199993,2676054.8151,239520.54080000002,35580.595861745,81.2
257,France,2008,4276.554,513396821.606,2952297.7295,232639.5254,35801.0214948163,81.4
258,France,2009,3811.7129999999997,516276115.68799996,2877943.137,225758.51,36774.400303785,81.5
259,France,2010,4206.152,519095033.71599996,2767003.3667,229490.513,37644.164382220595,81.8
260,France,2011,3530.502,521760892.078,2917146.9722,232328.527,37793.62648606684,82.3
261,France,2012,3189.599,524235496.926,2904734.4681,233475.532,38212.4324282977,82.1
262,France,2013,3253.64,526871825.903,2840160.5551,232864.521,38615.9116987057,82.3
263,France,2014,2726.5820000000003,531065961.043,2884835.2523,231013.516,38896.0650491716,82.8
264,France,2015,2683.175,533060073.99,2929099.0701,257916.03157142858,39310.31659688587,82.4
265,France,2016,2733.047,534662242.7720001,149821123800.0,284818.54714285716,39735.390644137064,82.6
266,France,2017,2689.949,536051971.45199996,371441601200.0,311721.06271428574,40117.8595406374,82.6
267,Germany,1990,12543.65,639776816.4879999,2710068.2185,338623.5782857143,35125.90510781822,77.2
268,Germany,1991,10317.6,644715349.2030002,2848505.5901,365526.0938571429,30133.950674999036,75.5
269,Germany,1992,8932.45,649728969.9369999,2910452.5581,392428.6094285715,32303.263586624304,76.0
270,Germany,1993,8134.865,653953980.8759998,2876337.2448,419331.12500000006,32891.90108109563,76.1
271,Germany,1994,6779.378000000001,656272237.9849999,2946982.8904,422882.5,33153.674436345806,76.4
272,Germany,1995,6482.4580000000005,658080673.3460002,2994367.0635,425033.488,34006.563478027536,76.6
273,Germany,1996,6028.376,659773168.9229999,3013658.9321,426530.79500000004,34388.17962639184,76.9
274,Germany,1997,5891.4980000000005,660829784.6860001,3067411.675,430879.69700000004,34309.1008096165,77.3
275,Germany,1998,5449.42,661283338.7409996,3129344.1734,432458.58599999995,34686.97822555387,77.7
276,Germany,1999,5107.879,662039257.2649996,3195920.2694,433070.69800000003,35270.035913345164,77.9
277,Germany,2000,4830.899,663160082.2340001,3280864.5682,453237.128,35514.45537530427,78.2
278,Germany,2001,4655.124,664518519.2809999,3336564.8677,435183.765,36032.972419131,78.5
279,Germany,2002,4379.838,665930782.2660002,3329943.1523,435502.89999999997,36344.91317185623,78.5
280,Germany,2003,4199.604,666624313.269,3306182.8932,435732.4530000001,36474.246002897366,78.6
281,Germany,2004,3961.349,666732198.4510001,3345523.6560000004,445712.88300000003,36568.4682808584,79.2
282,Germany,2005,3753.185,666598479.622,3369673.4445,449159.12600000005,36657.924950485765,79.4
283,Germany,2006,3656.683,666176158.5270001,3498212.6001,456900.86899999995,36796.44570704814,79.8
284,Germany,2007,3540.3509999999997,665835456.905,3602601.9673,470944.364,36901.0243173392,80.1
285,Germany,2008,3430.937,665282292.9920001,3730166.0045,446490.059,37311.27210904727,80.2
286,Germany,2009,2980.514,664348995.1279999,3517652.7912,432544.407,37414.964981662466,80.3
287,Germany,2010,3346.6929999999998,664380932.7350001,3573388.5293,443490.127,37792.821349906466,80.5
288,Germany,2011,3259.0009999999997,653266080.484,3744408.6027,434421.58999999997,38663.90600456949,80.5
289,Germany,2012,2887.2270000000003,655631233.866,3760118.3094,434527.98,39273.3895853688,80.6
290,Germany,2013,2858.665,658391499.4520001,3745163.5866,428609.42,39869.6852803055,80.6
291,Germany,2014,2757.421,661886401.352,3883920.1553,422992.03700000007,40611.64055913296,81.2
292,Germany,2015,2864.302,667983371.623,3951490.6493,424481.44399999996,41573.5619946428,80.7
293,Germany,2016,2801.678,673543968.1700002,4077581.7214,421539.745,42242.07687616896,81.1
294,Germany,2017,2828.1859999999997,676269118.7939999,4302735.6821,211961.3725,42839.415981138234,81.1
295,Greece,1990,1097.953,81513241.30099998,246077.3692,2383.0,38368.72581680614,77.1
296,Greece,1991,1092.873,82576100.95300002,254750.2708,2300.0,33898.03565247405,77.3
297,Greece,1992,1042.595,83248550.54,253349.4956,10476.545,29427.345488141957,77.2
298,Greece,1993,1041.0230000000001,83773845.96599999,250915.3672,2231.0,24956.655323809864,77.6
299,Greece,1994,1020.433,84240589.49000001,253560.8498,2398.0,20485.96515947777,77.8
300,Greece,1995,929.175,84726053.01400001,262339.5031,1856.0,16015.274995145677,77.8
301,Greece,1996,930.553,85210604.58600003,273309.1314,2009.0,16296.525455503433,78.0
302,Greece,1997,925.742,85733168.04599999,281192.6972,1985.0,18073.493116069465,78.4
303,Greece,1998,926.127,86284585.32200003,300537.0255,1691.0,18499.23179840563,78.4
304,Greece,1999,927.946,86660960.551,308350.1513,2215.0,19186.65963568543,78.5
305,Greece,2000,878.802,87041279.91700003,323427.336,1972.0,19768.96886751217,78.6
306,Greece,2001,878.298,87322380.83799998,336387.5934,1529.0,20307.152166969234,79.1
307,Greece,2002,816.803,87477185.713,349918.7989,1586.0,22297.61447173447,79.2
308,Greece,2003,779.044,87728193.04200001,375903.5489,1650.0,23413.53827732653,79.3
309,Greece,2004,772.743,88000164.235,385818.9406,1693.0,24031.550957726064,79.4
310,Greece,2005,717.7510000000001,88329087.265,386377.0144,1601.0,24136.944410926066,79.7
311,Greece,2006,739.132,88685412.113,416636.12299999996,1666.0,24630.940052823265,79.9
312,Greece,2007,673.3910000000001,89009812.874,439013.5475,1587.0,24866.664457924635,79.7
313,Greece,2008,630.5830000000001,89330621.814,447518.4765,1466.0,24778.5387230874,80.3
314,Greece,2009,575.872,89631043.24300005,428248.9912,1267.0,26014.17434211337,80.4
315,Greece,2010,521.9830000000001,89799101.19399999,403224.1164,1838.0,24527.175091218505,80.7
316,Greece,2011,477.426,89704357.60299997,363031.8078,1833.75,23073.010882706065,80.8
317,Greece,2012,504.00699999999995,89253706.37299998,327984.5457,1711.879,22054.394612367538,80.7
318,Greece,2013,417.793,88650835.177,305029.8575,1596.4270000000001,20517.883206915834,81.4
319,Greece,2014,417.175,88120879.76399997,2035115682.10144,1431.9260000000002,20758.249534991966,81.5
320,Greece,2015,396.88800000000003,87614242.25799999,295567.1831,7164.613,20493.3561937368,81.1
321,Greece,2016,352.02099999999996,87310199.93800001,295998.5891,12897.3,20390.512778974702,81.5
322,Greece,2017,366.49699999999996,87196221.721,310500.7028,18629.987,20403.7430310373,81.4
324,Hungary,1991,1304.714,82453978.77500002,4088003259192900.0,23958.0452,339226.9792169735,69.6
325,Hungary,1992,1034.185,82509585.00600001,3830405068514900.0,23553.4164,498638.59730994154,69.4
326,Hungary,1993,1118.705,82501104.89799997,3.47416649344195e+16,23148.7876,658050.2154029097,69.4
327,Hungary,1994,994.1030000000001,82470934.695,3.19729625794513e+16,22744.158799999997,817461.8334958778,69.8
328,Hungary,1995,963.625,82421138.479,1.02964221968724e+16,22339.53,976873.4515888458,70.1
329,Hungary,1996,933.75,82330154.142,8036144210214900.0,23418.575,1022615.8631454436,70.7
330,Hungary,1997,883.243,82239503.606,9127803252163000.0,23664.581,1097666.0293212736,71.1
331,Hungary,1998,809.709,82141912.95899999,1.74960698912133e+16,23443.567,1149614.9387439955,71.1
332,Hungary,1999,785.943,82014715.778,1.93208912930442e+16,24329.59,1173244.1156382235,71.2
333,Hungary,2000,829.4580000000001,81927552.062,1.75433190392809e+16,24900.622,1257584.4061829287,71.9
334,Hungary,2001,839.0010000000001,81868592.32000001,1.13411903877928e+16,24794.586,1391888.6572961088,72.5
335,Hungary,2002,691.076,81745432.74699998,1.64821613213424e+16,24910.581,1492721.9867714758,72.5
336,Hungary,2003,816.6410000000001,81628843.332,1.99881784788669e+16,25177.576,1658558.4518772184,72.6
337,Hungary,2004,749.819,81594718.039,2.28435036939252e+16,25272.567,1795617.74201693,73.0
338,Hungary,2005,681.7310000000001,81574529.08099999,1.68946389140535e+16,26006.556,1893888.6045049902,73.0
339,Hungary,2006,581.683,81563972.40599999,1.32623270853315e+16,26620.511,1955021.0318228432,73.5
340,Hungary,2007,539.222,81514596.00099996,1.01253470313636e+16,25166.512,1977219.4477676733,73.6
341,Hungary,2008,480.371,81411341.81799999,1.00583687088811e+16,26256.529,2047569.706898603,74.2
342,Hungary,2009,521.197,81302653.84500001,469166118580700.0,26009.508,2005903.5998712247,74.4
343,Hungary,2010,523.145,81141711.652,649232532586300.0,26972.565,2063001.57213178,74.7
344,Hungary,2011,530.0880000000001,80896365.24499999,140687885728300.0,28100.618,2096764.530517019,75.0
345,Hungary,2012,545.515,80634429.303,139872549802000.0,27378.593,2081516.4098586654,75.2
346,Hungary,2013,537.817,80373363.689,26695743455150.0,27675.603,2104209.681995198,75.7
347,Hungary,2014,460.125,80105496.21700001,405966754304800.0,26973.576,2094251.6450467824,75.9
348,Hungary,2015,444.916,79858362.73200001,34785204.0,26732.564,2035558.2428420067,75.7
349,Hungary,2016,436.43,79572353.19799998,27369381200.0,26522.564,2127519.742192831,76.2
350,Hungary,2017,422.376,79328857.60099998,1234372402800.0,26877.583,2298593.8614525218,75.9
351,Iceland,1990,275.221,1973697.252,1213767.8903,22398.019166666665,2526546.1428155308,78.1
352,Iceland,1991,270.454,1996806.3039999998,1272376.4518,17918.45533333333,2775149.572518179,78.1
353,Iceland,1992,265.219,2021859.641,1206548.0923,13438.891500000002,2704778.866534232,78.8
354,Iceland,1993,261.801,2042607.3069999998,1169851.585,8959.327666666668,2588021.649660479,79.0
355,Iceland,1994,259.514,2061582.9739999997,1187615.4933,4479.763833333334,2651464.4408474746,79.3
356,Iceland,1995,237.455,2075064.777,1453933.1021,0.2,2730505.3340082974,78.1
357,Iceland,1996,242.923,2088740.5759999994,1520275.8280000002,7.56,2848417.8947648574,78.9
358,Iceland,1997,215.525,2108567.891,1453136.1034,14.919999999999998,2986277.249848427,79.0
359,Iceland,1998,239.05599999999998,2134262.782,1568678.3135,22.279999999999998,3311076.6434171316,79.7
360,Iceland,1999,220.46900000000002,2162901.8119999995,1632874.8966,29.639999999999997,3493035.009184532,79.4
361,Iceland,2000,228.831,2194985.022999999,1734854.0118,37.0,3661354.797817784,79.7
362,Iceland,2001,220.541,2226950.1179999993,1699708.4338,43.1,3729807.545754304,80.8
363,Iceland,2002,216.71599999999998,2250015.355,1672526.918,49.2,3904509.8094204688,80.6
364,Iceland,2003,210.02200000000002,2269862.6439999994,1764566.7659999998,55.3,3817254.1199732,81.0
365,Iceland,2004,209.023,2294537.601,1940605.7568,61.4,4122822.989293562,81.1
366,Iceland,2005,205.477,2336271.9409999996,2215353.3125,67.5,4465135.169787147,81.6
367,Iceland,2006,222.668,2397413.806000001,2429784.4658,203.46153846153845,4783101.992510997,81.2
368,Iceland,2007,258.33799999999997,2463290.324,2452382.9609,339.4230769230769,4996354.9261720115,81.5
369,Iceland,2008,378.811,2512030.165,2280152.5048,475.38461538461536,4667752.576045325,81.7
370,Iceland,2009,376.05800000000005,2522786.9469999997,2067461.8043,611.3461538461538,4202588.610561253,81.8
371,Iceland,2010,365.57800000000003,2521471.948,1996426.3374,747.3076923076923,4393301.879478225,82.0
372,Iceland,2011,353.159,2531654.675,2033991.4844,883.2692307692307,4682007.470831499,82.4
373,Iceland,2012,359.24,2547591.202,2060360.8841,1019.2307692307692,4798999.100119586,83.0
374,Iceland,2013,356.403,2573515.3690000004,2145533.1352,1155.1923076923076,4965684.673977272,82.1
375,Iceland,2014,376.124,2603995.3250000007,2190166.3863,1291.1538461538462,5086165.601679666,82.9
376,Iceland,2015,358.539,2633685.004,2293947.8295,1427.1153846153845,5484412.133077087,82.5
377,Iceland,2016,353.129,2672884.2169999997,2502735.0207,1563.0769230769229,6002866.584723852,82.3
378,Iceland,2017,362.69699999999995,2738124.7970000007,2616825.4383,1699.0384615384614,6607436.681673322,82.7
379,Ireland,1990,349.274,26998170.073,90173.29,1835.0,20956.228521079767,74.9
380,Ireland,1991,342.47,27193168.785,91913.3094,1935.6,23715.962904163363,75.1
381,Ireland,1992,328.402,27451667.529999994,94986.2234,2036.2,24890.29555416893,75.5
382,Ireland,1993,311.08,27652366.027000006,97543.8312,2136.8,26263.412110128167,75.3
383,Ireland,1994,295.105,27801264.396,103158.2854,2237.4,26623.8634700926,75.9
384,Ireland,1995,291.129,27984462.514999997,113096.9902,2338.0,27378.18848714637,75.6
385,Ireland,1996,287.605,28246808.635,121482.2595,3330.543,27910.825513911997,75.9
386,Ireland,1997,268.14799999999997,28613402.667999998,134728.3578,4323.086,29795.779021797836,76.1
387,Ireland,1998,271.965,28978656.623999994,146438.0664,5315.629,31844.1687605109,76.3
388,Ireland,1999,255.96099999999998,29334546.659999996,161819.256,6308.1720000000005,32803.771735451235,76.2
389,Ireland,2000,245.362,29758230.581,177104.3183,7300.715,33890.10265992217,76.6
390,Ireland,2001,241.16400000000002,30254254.376000002,186452.6487,7378.915,35423.64965761483,77.2
391,Ireland,2002,229.50900000000001,30847694.400999997,197490.3026,7457.115,36131.93901298173,77.7
392,Ireland,2003,220.095,31373388.835,203454.949,7535.3150000000005,37493.21718063624,78.2
393,Ireland,2004,215.52,31909941.416999996,217130.5015,7613.515,38774.48950959297,78.6
394,Ireland,2005,214.00400000000002,32637033.514000002,229506.6341,7691.715,40538.09350166724,79.0
395,Ireland,2006,196.86900000000003,33433553.658000007,241144.6883,7887.695,41310.215349012404,79.3
396,Ireland,2007,183.827,34581976.654999994,269904.0899,3643.6,42923.53744204374,79.7
397,Ireland,2008,176.072,35434676.50299999,275049.0844,3039.7,44590.71694466289,80.2
398,Ireland,2009,154.938,35806050.23700001,261078.7564,3135.4,46785.918530902934,80.3
399,Ireland,2010,141.744,35964815.949999996,240579.1929,13660.55,46987.214282742374,80.8
400,Ireland,2011,130.469,36114253.36,246474.988,3356.5,47185.6349972166,80.8
401,Ireland,2012,123.541,36265747.95500001,244326.6769,18492.206,46869.430102328595,80.9
402,Ireland,2013,116.693,36443870.8,248219.724,18710.035,45692.46481040807,81.0
403,Ireland,2014,110.037,36711235.735999994,284384.9756,18795.845999999998,45465.7535368414,81.4
404,Ireland,2015,110.537,37072194.400999986,396029.5454,18945.465,46433.12153212063,81.5
405,Ireland,2016,111.05,37512214.57500001,412362.956,19060.98,47051.832560894894,81.8
406,Ireland,2017,113.194,37965197.03800001,451532.4046,20958.386,46803.288671288,82.2
407,Israel,1990,16.67,35348977.173,406617.9099,23845.490620689656,52173.650210459346,76.7
408,Israel,1991,15.1,37599575.870000005,459382.00899999996,26732.59524137931,57544.01174963069,76.8
409,Israel,1992,16.48,38964475.192,486246.0457,29619.699862068963,62914.37328880204,76.6
410,Israel,1993,15.62,40030274.819000006,517325.1193,32506.80448275862,68284.73482797339,77.2
411,Israel,1994,19.84,41100174.341000006,553460.5974,35393.90910344828,73655.09636714472,77.5
412,Israel,1995,19.06,42233173.68599999,586751.5976,38281.01372413793,79025.45790631608,77.5
413,Israel,1996,478.17400000000004,43367873.658,618719.8079,41168.118344827584,87879.91316009579,78.2
414,Israel,1997,26.333000000000002,44528072.808000006,637116.6551,44055.22296551724,92303.75450261433,78.1
415,Israel,1998,22.324,45670272.00099998,662071.8363,46942.3275862069,97840.02423308966,78.2
416,Israel,1999,24.923000000000002,46906571.006999984,683331.6815,49829.432206896556,101422.01140642523,78.5
417,Israel,2000,375.88599999999997,48216569.908000015,733588.6906,52716.536827586206,105853.15191502956,78.8
418,Israel,2001,11.169,49419268.913,736442.3362,55603.64144827586,107856.530895474,79.3
419,Israel,2002,11.207,50468968.18099999,736841.1856,58490.74606896552,105355.9499652461,79.5
420,Israel,2003,283.635,51422967.697,741477.7803,61377.85068965517,101840.01944264882,79.7
421,Israel,2004,262.916,52366867.25699999,772515.1676,64264.95531034483,100487.437605515,80.2
422,Israel,2005,256.643,53330606.79,802733.5919,67152.05993103448,101327.92295308743,80.2
423,Israel,2006,237.923,54313488.29599999,847401.1817,70039.16455172414,105539.84200839036,80.6
424,Israel,2007,248.435,55318085.73500001,896325.7411,72926.2691724138,108123.78179716556,80.6
425,Israel,2008,244.959,56340229.109000005,923183.9901,75813.37379310344,107693.49570948414,81.0
426,Israel,2009,262.89599999999996,57829166.975999996,931716.6345,78700.47841379311,106160.87801641905,81.5
427,Israel,2010,267.843,58899545.893999994,983903.3659,81587.58303448276,106575.2354274136,81.7
428,Israel,2011,271.53700000000003,59978877.54800001,1030968.3587,84474.68765517241,108900.33780627493,81.7
429,Israel,2012,269.185,61058900.07300001,1054239.7636,87361.79227586207,103188.25520582897,81.8
430,Israel,2013,150.63,62179811.83800001,1097970.2041,90248.89689655173,104690.17439898617,82.1
431,Israel,2014,133.987,63359116.413,1139234.1224,93136.00151724138,105149.4504655312,82.2
432,Israel,2015,134.60399999999998,64604897.081,1165324.6453,96023.10613793104,107920.1251197164,82.1
433,Israel,2016,132.569,65857275.819000006,1224951.0439,98910.2107586207,111453.89988887998,82.5
434,Israel,2017,4.561,67118167.52600002,1271555.2659999998,101797.31537931034,114653.22351972818,82.6
435,Italy,1990,7213.021,455616916.1359999,7531166.152033,104684.42,26761.881535793334,77.1
436,Italy,1991,7553.003000000001,456817188.49600005,9683034.645771,104463.743,27310.4424674708,77.1
437,Italy,1992,7666.808000000001,457769659.01600003,9184980.730846,104243.066,27545.49459867517,77.5
438,Italy,1993,7752.859,458239982.2059999,7408625.811611,104022.389,27402.349176976266,77.8
439,Italy,1994,7334.219,458490545.296,4827657.207533999,103801.712,27325.17464377124,78.0
440,Italy,1995,7260.929,458532070.5289998,2030283.2971,103581.035,27067.521773701137,78.3
441,Italy,1996,6968.137,458786569.881,2056002.6174,105566.711,27532.825528677833,78.6
442,Italy,1997,6528.637,459328489.1539999,2093631.8288,107552.387,28328.40246128543,78.9
443,Italy,1998,6063.854,459752682.45299995,2696200.0,109538.063,28585.464013968496,79.1
444,Italy,1999,5613.549,460061705.80099994,4025100.0,111523.739,28981.315239853673,79.5
445,Italy,2000,4897.357,460426023.31000006,2278000.0,113509.415,29186.314286017834,79.9
446,Italy,2001,4574.168,460815920.96000004,2292096.4335,114086.4062,29520.826222981636,80.2
447,Italy,2002,3986.26,461570088.7109999,3582500.0,114663.3974,29531.601791822835,80.3
448,Italy,2003,4038.3070000000002,463608668.523,4187200.0,115240.38859999999,29714.674086282903,80.1
449,Italy,2004,3477.506,466564436.58199996,3477600.0,115817.3798,30512.3716195538,80.9
450,Italy,2005,3509.7459999999996,468820059.04000014,3134600.0,116394.371,31029.776625755865,80.9
451,Italy,2006,3362.69,470297199.542,3262600.0,95144.73525,31459.112602431134,81.4
452,Italy,2007,3423.155,472838079.79800004,3816600.0,73895.0995,31624.839162015967,81.5
453,Italy,2008,3548.6209999999996,476146703.99300003,3372100.0,52645.463749999995,31929.7924683156,81.6
454,Italy,2009,3154.986,478555520.269,2318528.3913,31395.827999999998,32056.21155176727,81.7
455,Italy,2010,3121.114,480397264.44400007,2349019.1812,119432.344,32493.230542681402,82.1
456,Italy,2011,2478.159,481497000.88499993,2337489.3354,110894.2752,32248.2642167732,82.3
457,Italy,2012,2704.452,482958819.6980002,36959268.1509,102356.2064,31522.982193708667,82.3
458,Italy,2013,2535.311,488870844.239,2224313.7511,93818.1376,31684.857392881135,82.8
459,Italy,2014,2298.637,493843556.638,2224212.5994,85280.06880000001,31831.535269146767,83.2
460,Italy,2015,2343.015,493979909.126,2241523.7429,76742.0,32115.285332198302,82.6
461,Italy,2016,2268.535,493814437.532,2375288.647,109699.18166666667,32364.828209829564,83.3
462,Italy,2017,2330.4829999999997,493775455.8650001,2494114.9304,142656.36333333334,32163.741212973004,83.0
463,Japan,1990,4359.054,989031771.0910002,453608500.0,175613.54499999998,2793504.341250855,78.9
464,Japan,1991,4320.4490000000005,995132671.6800002,482845400.0,176414.71399999998,2870061.5585109014,79.1
465,Japan,1992,4169.704000000001,1000854491.3470001,495055800.0,177215.883,2903779.4236955917,79.2
466,Japan,1993,4077.117,1005580529.037,495859712.2294,178017.052,2891670.9945248757,79.4
467,Japan,1994,4091.617,1009777746.782,501537700.0,178818.22100000002,2928857.1266180184,79.8
468,Japan,1995,4043.7329999999997,1013244032.046,515290567.5022,179619.39,2958240.705571746,79.6
469,Japan,1996,3962.2090000000003,1015982067.689,528430489.065,182625.57,2973699.5319527313,80.3
470,Japan,1997,3927.132,1020339879.282,534142500.0,185631.75,3017969.6766064055,80.5
471,Japan,1998,3764.735,1024990234.781,528405500.0,188637.93,3009079.3022439224,80.6
472,Japan,1999,3729.998,1028772274.218,528525177.756,191644.11,2994634.8085236377,80.5
473,Japan,2000,3764.849,1032315534.0580001,535231240.6581,194650.28999999998,2997007.6684639733,81.2
474,Japan,2001,3574.313,1036276136.2220001,528846195.5823,197509.3116,2943326.7193638203,81.5
475,Japan,2002,3446.0229999999997,1038009136.6730001,523622108.1222,200368.3332,2863003.710945738,81.8
476,Japan,2003,3374.533,1040124136.8369999,523871605.0701,203227.35479999997,2850520.11636265,81.8
477,Japan,2004,3277.34,1041207136.8500003,526763676.7783,206086.37639999998,2864378.848443294,82.1
478,Japan,2005,2956.422,1042372413.3640001,532205398.3943,208945.398,2907397.1322412123,82.0
479,Japan,2006,2961.9159999999997,1043129804.4980001,532873811.976,36428.0,2889446.5675422414,82.4
480,Japan,2007,2954.187,1043631237.7469999,535744023.9048,40309.0,2879385.7359583955,82.6
481,Japan,2008,2758.525,1043612320.7850001,526000458.8651,41820.0,2887103.380231052,82.7
482,Japan,2009,2662.447,1042878339.898,497630122.1868,44078.0,2827466.5399857666,83.0
483,Japan,2010,3295.4829999999997,1043861331.1569998,510019605.5882,44734.0,2857278.329996079,82.9
484,Japan,2011,2726.7270000000003,1042452203.376,505133820.1453,46576.0,2913817.591595454,82.7
485,Japan,2012,2807.362,1039414053.5879999,514793127.1392,40098.0,2855240.7580524925,83.2
486,Japan,2013,2724.875,1036809938.029,527041758.7079,40836.0,2851192.8473098823,83.4
487,Japan,2014,2626.1079999999997,1034301142.529,529119448.5653,42442.0,2828202.6518288567,83.7
488,Japan,2015,2510.936,1033222741.8260001,533546500.0,44287.0,2831017.2894776445,83.9
489,Japan,2016,2783.2329999999997,1031121831.524,535986400.0,46256.0,2874346.9513245225,84.1
490,Japan,2017,2656.052,1029571052.817,546324276.5558,44862.041,2891174.3120447253,84.2
491,Korea,1999,1072.323,365120617.5050001,824314368.8819,43468.082,14832893.91880552,75.5
492,Korea,2000,1122.844,368621180.067,905502490.585,42074.123,15303491.794673095,76.0
493,Korea,2001,1219.02,371849480.825,943885514.133,41300.3396,15886391.570543649,76.5
494,Korea,2002,1242.265,374617441.52900004,1019099332.6875,40526.5562,16650371.509964503,76.8
495,Korea,2003,1362.141,377217582.1739999,1037480553.6204,39752.7728,17479113.112356536,77.3
496,Korea,2004,1377.526,379414888.73899996,1061332539.0571,38978.9894,18227022.373304557,77.8
497,Korea,2005,1306.724,381217449.05300003,1102975803.9495,38205.206,18928854.970354747,78.2
498,Korea,2006,1274.969,384354423.04499996,1160067528.1402,67795.175,19248510.390615616,78.8
499,Korea,2007,1187.76,387424781.4639999,1223446615.6312,9112.0,19754704.38130183,79.2
500,Korea,2008,1044.925,391614996.152,1258060650.795,115801.128,19972298.602686398,79.6
501,Korea,2009,1014.133,394984053.23499995,1266961555.0313,131894.185,20258912.65709709,80.0
502,Korea,2010,1061.0510000000002,398401576.54200006,1349273432.0701,17353.0,20851094.622632865,80.2
503,Korea,2011,1040.017,403014551.711,1398949477.7846,124189.262,21414146.413180616,80.6
504,Korea,2012,1075.052,406209979.79499996,1431018965.4835,106447.335,21377902.108248252,80.9
505,Korea,2013,1090.4489999999998,409177845.91800004,1472464207.3837,110433.277,21885664.588177975,81.4
506,Korea,2014,1135.59,412696051.637,1521665829.6772,124957.226,21867338.749488797,81.8
507,Korea,2015,1154.829,415908105.4129999,1564123900.0,101993.247,22349153.688986097,82.1
508,Korea,2016,1245.434,418871014.89800006,1641786000.0,109434.227,23219806.43721925,82.4
513,Latvia,1994,388.37699999999995,20036294.080999997,14835.3909,66843.39654545454,6638219.015304312,77.66923076923077
514,Latvia,1995,356.64,19755687.987999998,22720.5634,58325.23045454545,3321901.5309213214,76.72307692307692
515,Latvia,1996,357.574,19543279.539000005,24159.9069,49807.06436363636,5584.0465383335295,75.77692307692308
516,Latvia,1997,330.923,19368559.077999998,1206500.0,41288.89827272727,5900.919467231276,74.83076923076923
517,Latvia,1998,314.637,19218598.662000004,14881900.0,32770.73218181818,6130.191958608916,73.88461538461539
518,Latvia,1999,309.267,19103662.058999997,16528600.0,24252.56609090908,6416.361526680684,72.93846153846154
519,Latvia,2000,285.519,18956687.508999992,17881200.0,15734.4,6789.39141550077,71.99230769230769
520,Latvia,2001,281.348,18743661.242999997,21409100.0,14125.1,7043.697725621507,71.04615384615384
521,Latvia,2002,268.45599999999996,18555017.338,23862300.0,14812.6,6881.283179857191,70.1
522,Latvia,2003,268.117,18398311.63500001,30082300.0,14207.391000000001,7451.934246491946,70.5
523,Latvia,2004,254.662,18219075.870999996,28103100.0,14029.4,8161.687336290798,70.8
524,Latvia,2005,226.00099999999998,18045175.924000002,29607900.0,39407.529,9662.890532735266,70.6
525,Latvia,2006,221.957,17898429.933999993,30222800.0,39409.619,10870.07863332826,70.6
526,Latvia,2007,201.387,17768133.736000005,35106500.0,38914.187,13732.361713519398,70.8
527,Latvia,2008,183.416,17596435.121,16804700.0,35416.117,14611.58150773267,72.0
528,Latvia,2009,193.46,17324158.185000002,43795.4521,37067.539000000004,13072.17360471117,72.6
529,Latvia,2010,155.643,16990054.945000004,41765.2274,85249.611,12484.464491884428,73.0
530,Latvia,2011,160.77200000000002,16705349.642,46687.3451,85870.393,12223.611556047632,73.7
531,Latvia,2012,163.916,16511678.514000002,47515.1095,85223.474,12838.695515035826,73.9
532,Latvia,2013,149.16299999999998,16338195.784,48383.5437,84836.668,13464.774647545399,74.1
533,Latvia,2014,144.466,16179553.577,48520.3306,85544.429,14423.1099035251,74.3
534,Latvia,2015,122.13600000000001,16038655.546,49717.3105,85319.269,15698.994265901702,74.6
535,Latvia,2016,119.464,15883149.675999999,50704.9943,65989.555,16656.850142470797,74.7
536,Latvia,2017,128.15,15734799.971000003,54607.1301,66390.57,17530.6217860387,74.8
542,Lithuania,1995,280.944,28643973.958000004,36241.2576,60527.28200000001,4741.8983356436,69.2
543,Lithuania,1996,296.85900000000004,28436525.538000003,38107.6675,59550.06733333334,5414.913563026687,70.3
544,Lithuania,1997,311.715,28236534.200000003,42145.0162,58572.85266666667,6084.162068489967,71.1
545,Lithuania,1998,294.444,28051041.073999997,45704.7679,57595.638000000006,6711.82371792967,71.4
546,Lithuania,1999,269.151,27885024.028,45249.312999999995,56618.42333333334,6988.178345303563,71.7
547,Lithuania,2000,183.43900000000002,27729310.643000007,46092.9677,55641.208666666666,6995.653507942266,72.1
548,Lithuania,2001,181.761,27549970.401000004,48725.6708,54663.994,7429.809934201803,71.7
549,Lithuania,2002,183.57,27385494.364,52344.8596,53686.77933333333,7929.023150830556,71.8
550,Lithuania,2003,177.747,27213114.152999997,57957.6298,52709.564666666665,8756.059532907771,72.1
551,Lithuania,2004,173.78599999999997,26951871.928000003,64891.8332,51732.35,9678.272273659824,72.0
552,Lithuania,2005,179.804,26564449.476,70387.0227,50755.13533333333,10737.521811174,71.3
553,Lithuania,2006,186.33700000000002,26192333.051000006,76495.9746,49777.920666666665,12400.368434138663,71.1
554,Lithuania,2007,191.75900000000001,25929666.844000004,87903.0539,48800.706,13358.296381270959,70.9
555,Lithuania,2008,181.454,25713582.452000003,90671.7518,48430.701,13862.463542876007,71.8
556,Lithuania,2009,173.525,25480749.699999996,68937.7911,48700.66,12219.371737578525,72.9
557,Lithuania,2010,169.80700000000002,25004085.381,70346.0328,49100.602,12298.691484523695,73.3
558,Lithuania,2011,203.38099999999997,24496735.132,74552.6069,50440.566,12764.36570542393,73.7
559,Lithuania,2012,173.4,24214594.351,76556.6104,52370.552,13058.645748707038,74.0
560,Lithuania,2013,173.65,24003405.674000002,79280.8197,53470.546,13622.689492514206,74.1
561,Lithuania,2014,169.173,23819271.269,82564.1393,55590.565,14223.022356409767,74.7
562,Lithuania,2015,163.735,23608334.891999997,86739.3153,57640.568,15105.213611965499,74.5
563,Lithuania,2016,158.782,23318348.468999997,87256.1333,59890.601,15931.069164787734,74.8
564,Lithuania,2017,162.282,23002341.912,94830.0723,62280.591,16914.7152372183,75.6
565,Luxembourg,1990,1220.705,3055180.3100000005,60878.653850999995,1798.7199999999998,39324.7992117096,75.6
566,Luxembourg,1991,1174.249,3092966.0119999987,65252.632359,1640.0805999999998,40870.898704038635,75.7
567,Luxembourg,1992,1062.15,3130653.9149999996,65542.62341,1481.4411999999998,42083.49929780486,75.3
568,Luxembourg,1993,1078.37,3169660.1340000005,67334.891838,1322.8018,43544.696474464465,75.9
569,Luxembourg,1994,904.6,3209620.5119999996,68903.582455,1164.1624,44485.275397015364,76.6
570,Luxembourg,1995,517.521,3251440.9760000003,71920.081897,1005.523,44772.68028993957,76.8
571,Luxembourg,1996,469.38800000000003,3293661.291,72047.75924500001,867.6184000000001,45635.2541680533,76.8
572,Luxembourg,1997,316.76099999999997,3334233.315,75184.09038200001,729.7138,46464.49408735376,77.0
573,Luxembourg,1998,134.304,3375769.435999999,78726.460725,591.8091999999999,46901.171893400235,77.3
574,Luxembourg,1999,131.266,3421663.759,84186.96386599999,453.90459999999996,48178.795914849536,77.9
575,Luxembourg,2000,100.0,3466537.68,89948.298847,316.0,50229.60869759219,78.0
576,Luxembourg,2001,117.471,3507109.404,91205.748922,302.6,51056.96236732447,77.9
577,Luxembourg,2002,105.501,3545853.3210000005,93674.274047,289.2,52320.173645555566,78.1
578,Luxembourg,2003,120.92299999999999,3591769.3170000003,94019.17898099999,275.8,52398.02259455427,77.8
579,Luxembourg,2004,130.648,3645829.514,96087.444795,262.4,53455.13444028713,79.2
580,Luxembourg,2005,133.05700000000002,3705019.517,97605.62036100001,249.0,54004.73528084813,79.5
581,Luxembourg,2006,117.773,3767941.142,6605358.378914,294.0,55145.950847349966,79.4
582,Luxembourg,2007,104.382,3830114.605999999,7071358.82103,1120.493,56964.6314380542,79.5
583,Luxembourg,2008,94.279,3903117.9779999997,22534504.741983,382.0,57270.660350998165,80.6
584,Luxembourg,2009,87.00399999999999,3980485.373000001,15141518.422235,354.0,58774.4421675704,80.7
585,Luxembourg,2010,82.435,4058696.8530000006,13683730.264889,464.0,59515.645794492906,80.7
586,Luxembourg,2011,82.21600000000001,4155356.356000001,8219744.753591,2565.723,59182.07539100457,81.1
587,Luxembourg,2012,75.561,4260993.9240000015,109740.9239,2495.491,59067.307597509265,81.5
588,Luxembourg,2013,76.116,4364541.4789999975,1663761.547843,2568.4700000000003,59963.04813620277,81.9
589,Luxembourg,2014,75.535,4473428.963,140541.485,1935.534,62311.3976825357,82.3
590,Luxembourg,2015,72.711,4585202.409,147147.8646,1954.578,63220.739811528234,82.4
591,Luxembourg,2016,74.367,4702315.783999999,134140.9809,1898.504,63201.23176911307,82.8
592,Luxembourg,2017,77.414,4810865.247999999,408776.230738,1948.57,64938.80729497917,82.2
593,Mexico,1999,7493.909000000001,728458221.784,13227655.0616,8496.726,79136.73184851834,73.2
594,Mexico,2005,41974.989,798225462.4029999,15363372.3337,6423.898,99651.9594499789,74.0
595,Mexico,2008,33036.104,838795310.5140002,16975996.1387,6304.948,104835.06185334847,74.1
596,Mexico,2013,4107.58,908273074.394,17855030.662,5957.094,107361.0793244115,74.6
597,Mexico,2014,3448.2870000000003,921230053.154,18226937.9449,5664.934,109140.91001760955,74.8
598,Mexico,2016,8243.0,945732594.693,20389541.610999998,6715.284000000001,113426.54336887576,75.2
599,Netherlands,1990,1141.272,118538296.62500003,517655.9144,5807.55,38086.692789458604,77.0
600,Netherlands,1991,1043.975,119480097.44,530281.7402,6048.3448,38668.2505616922,77.2
601,Netherlands,1992,1004.061,120391550.30200002,539328.7537,6289.1396,39132.44410631299,77.4
602,Netherlands,1993,978.25,121256637.16900001,546111.4408,6529.9344,39998.22928468086,77.1
603,Netherlands,1994,930.212,122033681.96199998,562282.2609,6770.729200000001,40521.45524888194,77.5
604,Netherlands,1995,920.947,122689374.761,579802.8547,7011.524,39925.32430633307,77.6
605,Netherlands,1996,904.794,123374897.762,600088.6619,6832.533,39968.506554466934,77.6
606,Netherlands,1997,850.918,124180995.01300001,626066.8201,6653.542,40317.8913987559,78.0
607,Netherlands,1998,818.675,125079716.58600001,655266.0584,6474.5509999999995,39206.95825510834,78.0
608,Netherlands,1999,789.556,126016798.44999997,688252.4670000001,6295.5599999999995,40117.99262400443,77.9
609,Netherlands,2000,753.18,127008740.52699998,717129.0799,6116.5689999999995,41432.0948381719,78.2
610,Netherlands,2001,751.1160000000001,128058496.744,733816.3517,6313.745999999999,42395.08856403573,78.3
611,Netherlands,2002,742.1469999999999,128983445.00199999,735410.7406,6510.923,42920.44019002424,78.4
612,Netherlands,2003,736.3560000000001,129705735.298,736555.3785,6708.099999999999,43492.82928597167,78.7
613,Netherlands,2004,746.32,130275705.62600002,751175.6027,6905.277,44358.617635005794,79.2
614,Netherlands,2005,727.211,130723045.918,766581.2835,7102.454,44587.325810075396,79.5
615,Netherlands,2006,738.466,131098944.13700001,793112.5774,7656.652599999999,44841.48716389547,79.9
616,Netherlands,2007,726.018,131554312.433,847438.025,8210.8512,45750.03320416803,80.3
617,Netherlands,2008,730.559,132212632.94599998,948032.7737,8765.0498,46304.870907544064,80.5
618,Netherlands,2009,680.21,133016895.61399998,913269.5114,9319.2484,48070.246501296126,80.8
619,Netherlands,2010,677.797,133823706.22099999,879680.2685,9873.447,48314.855414442834,81.0
620,Netherlands,2011,652.687,134522693.263,904085.9808,9685.119666666667,48316.3097799485,81.3
621,Netherlands,2012,619.726,135058622.69399998,894770.6947,9496.792333333333,48701.765096829266,81.2
622,Netherlands,2013,590.191,135538253.833,876923.5189,9308.465,49181.10808738496,81.4
623,Netherlands,2014,566.438,136139602.74400008,890981.3111,9277.97275,49048.038593935904,81.8
624,Netherlands,2015,568.32,136865341.42700008,908437.1469,9247.4805,49643.39940847707,81.6
625,Netherlands,2016,556.632,137707569.936,874748.3416,9216.988249999999,49948.909156055895,81.6
626,Netherlands,2017,556.482,138618780.443,933708.218,9186.496,49732.144891129195,81.8
627,New Zealand,1990,602.788,26445565.017000005,204023.767659,31609.571,36352.69489862377,75.5
628,New Zealand,1991,594.27,27263285.040999997,240270.96435100003,34988.625,35130.550619856396,75.8
629,New Zealand,1992,601.006,27556354.422999993,211461.27148,36809.607,36826.961116262566,76.1
630,New Zealand,1993,604.089,27865953.713999998,261332.07366999998,39304.597,37878.12525573253,76.3
631,New Zealand,1994,632.6709999999999,28241242.789000005,215812.44862100002,41111.567,38684.99879442587,76.6
632,New Zealand,1995,637.746,28661421.820999995,220035.19298899997,43807.586,38715.91836540779,76.8
633,New Zealand,1996,637.384,29126690.653000005,197977.244506,45085.588,39607.270155029335,77.1
634,New Zealand,1997,658.53,29543269.446999997,155790.7661,45589.545,40847.08209749537,77.4
635,New Zealand,1998,664.529,29841348.541,190881.18206300001,46888.553,40406.18805211153,77.7
636,New Zealand,1999,677.3560000000001,30040097.775999997,165591.5984,46986.507,39943.337321399595,78.1
637,New Zealand,2000,678.687,30258347.340000004,214218.099276,50470.564,40392.56319527233,78.4
638,New Zealand,2001,684.31,30480417.339999992,215456.438632,52597.579,41415.00376764973,78.7
639,New Zealand,2002,704.296,31051577.25,218695.640868,55222.611,42468.3739685822,79.0
640,New Zealand,2003,721.1460000000001,31709447.116,192984.7569,57614.639,44091.021082341795,79.3
641,New Zealand,2004,740.1610000000001,32226616.72899999,1726305795800.0,57165.577,45844.39939368857,79.6
642,New Zealand,2005,732.83,32641046.407,2568863183400.0,56198.524,46919.51229622937,79.8
643,New Zealand,2006,733.6510000000001,33086856.37,96091306829000.0,56639.501,47683.20368828403,80.1
644,New Zealand,2007,747.22,33430316.282,149399561421900.0,58815.514,50767.17827915503,80.3
645,New Zealand,2008,726.735,33753586.08300002,38834834709500.0,59909.519,50856.20102079957,80.5
646,New Zealand,2009,710.883,34127966.24000001,33392680434900.0,59426.468,51958.026543929,80.7
647,New Zealand,2010,724.7669999999999,34541446.71699999,43325670529800.0,63157.536,52690.76620707503,80.8
648,New Zealand,2011,712.584,34844447.293000005,23840060735600.0,66876.602,53246.196637817535,81.0
649,New Zealand,2012,706.179,35067888.16600001,21242412147400.0,68164.619,54527.74342550946,81.2
650,New Zealand,2013,702.7669999999999,35372108.833999984,5466915293200.0,71020.339,53947.328347934665,81.4
651,New Zealand,2014,702.683,35940369.227,5242159153800.0,73317.07299999999,54545.03256402034,81.5
652,New Zealand,2015,713.569,36649269.31999999,254112.0,72246.693,55855.76971825564,81.7
653,New Zealand,2016,729.77,37442189.017000005,313673988000.0,70179.685,58078.644499395166,81.7
654,New Zealand,2017,746.044,38251468.563999996,285128.0,73056.754,58674.562622250094,81.9
655,Norway,1990,875.9839999999999,33486854.908,1701353.0,66810.52799999999,179719.61689632433,76.7
656,Norway,1991,825.7439999999999,33630508.08299999,1753835.0,67000.11559999999,183966.01107800077,77.1
657,Norway,1992,790.8510000000001,33810407.128000006,1816524.0,67189.70319999999,187777.59274458405,77.4
658,Norway,1993,802.084,34007966.005,1868210.0,67379.2908,191214.86485359538,77.3
659,Norway,1994,797.14,34211240.78800002,1962656.0,67568.8784,195794.4687249205,77.9
660,Norway,1995,776.332,34408209.663,2044214.0,67758.466,199281.07390464054,77.9
661,Norway,1996,757.9830000000001,34610484.62500001,2146996.0,68572.0534,206226.79129054313,78.3
662,Norway,1997,748.2189999999999,34831385.546000004,2260456.0,69385.6408,212591.0581720027,78.3
663,Norway,1998,726.8910000000001,35070718.45599999,2319780.0,70199.2282,222450.9642270972,78.5
664,Norway,1999,699.7919999999999,35340129.41299999,2366474.0,71012.81559999999,231400.44503950246,78.4
665,Norway,2000,681.923,35598116.521,2442319.0,71826.40299999999,236062.97711857385,78.8
666,Norway,2001,665.562,35810133.837000005,2492992.0,72583.606,244159.38425034608,78.9
667,Norway,2002,657.295,36037485.348999985,2529047.0,73340.809,255226.49207190928,79.0
668,Norway,2003,634.8330000000001,36287191.026999995,2552064.0,74098.012,261301.49028127082,79.6
669,Norway,2004,605.675,36543224.82000001,2653366.0,74855.215,271062.7015158206,80.1
670,Norway,2005,608.849,36835858.661,2723029.0,75612.418,280047.5211729529,80.3
671,Norway,2006,585.818,37179338.447,2788376.0,72964.38399999999,293573.9681908549,80.6
672,Norway,2007,570.153,37605674.18600001,2871867.0,71387.439,308210.9876877763,80.6
673,Norway,2008,556.5740000000001,38103278.10999999,2885548.0,70473.44,319945.1594286734,80.8
674,Norway,2009,507.62199999999996,38600670.453,2835714.0,68964.381,326732.27784722956,81.0
675,Norway,2010,519.169,39091849.06100001,2855616.0,71953.456,333962.20272368734,81.2
676,Norway,2011,491.75,39606017.66799998,2883643.0,72382.443,347000.5619810158,81.4
677,Norway,2012,483.903,40132030.137,2964053.0,73696.459,357931.31045526225,81.5
678,Norway,2013,451.957,40630864.344,3071224.0,73673.44099999999,368386.5324381701,81.8
679,Norway,2014,432.147,41103794.364,3140814.0,74863.463,374306.6021189293,82.2
680,Norway,2015,436.671,41545606.309999995,3202598.0,76412.522,380212.90339270333,82.4
681,Norway,2016,432.787,41938280.32800002,3144506.0,49705.527,379514.12030325853,82.5
682,Norway,2017,435.73800000000006,42287890.41699999,3295382.0,50050.539,384566.2512789545,82.7
711,OECD - Total,1990,219571.3,8393544213.926002,30801369.5083,117582.3597368421,213765.07524278073,76.64561403508772
712,OECD - Total,1991,214093.7,8485508103.601001,31266624.7824,119911.04321052632,207875.37951739543,76.43684210526315
713,OECD - Total,1992,206417.4,8567539952.666,31982652.8634,122239.72668421053,201985.68379201012,76.2280701754386
714,OECD - Total,1993,200519.9,8644377454.507004,32448374.0951,124568.41015789474,196095.98806662482,76.01929824561404
715,OECD - Total,1994,191943.6,8716739789.213001,33428653.8038,126897.09363157896,190206.29234123952,75.81052631578947
716,OECD - Total,1995,185776.2,8787471663.468996,34307963.0131,129225.77710526317,184316.5966158542,75.60175438596491
717,OECD - Total,1996,179188.9,8857001663.678001,35424619.8987,131554.46057894736,178426.9008904689,75.39298245614034
718,OECD - Total,1997,172865.1,8932154697.836002,36726160.8134,133883.14405263157,172537.2051650836,75.1842105263158
719,OECD - Total,1998,167014.9,9004459000.947,37811471.4875,136211.82752631578,166647.5094396983,74.97543859649123
720,OECD - Total,1999,159753.9,9076572685.983997,39085833.006,138540.511,160757.813714313,74.76666666666667
721,OECD - Total,2000,154197.9,9150860327.460001,40685247.7621,140869.1944736842,154868.1179889277,74.5578947368421
722,OECD - Total,2001,147620.4,9224847214.049997,41262788.3754,143197.87794736843,148978.4222635424,74.34912280701755
723,OECD - Total,2002,135412.3,9298895876.580004,41939483.6515,145526.56142105264,143088.7265381571,74.14035087719299
724,OECD - Total,2003,131260.3,9373327825.117998,42822206.4446,147855.24489473685,137199.0308127718,73.93157894736842
725,OECD - Total,2004,127223.3,9448377674.632004,44232466.7696,150183.92836842107,131309.33508738648,73.72280701754386
726,OECD - Total,2005,121540.5,9526018929.168,45503859.9153,152512.61184210525,125419.63936200118,73.5140350877193
727,OECD - Total,2006,117284.5,9605610732.821,46954261.1375,154841.29531578947,119529.94363661588,73.30526315789473
728,OECD - Total,2007,113134.7,9689319393.241001,48185611.535,157169.97878947368,113640.2479112306,73.09649122807018
729,OECD - Total,2008,104936.1,9773008935.289,48333518.7133,159498.6622631579,107750.55218584527,72.88771929824561
730,OECD - Total,2009,95909.7,9850122441.17,46690009.563,161827.3457368421,101860.85646046,72.67894736842105
731,OECD - Total,2010,98001.93,9930702329.874,48099345.2708,164156.02921052632,95971.16073507466,72.47017543859648
732,OECD - Total,2011,93725.98,9988714168.753002,49090143.4359,166484.71268421054,90081.46500968939,72.26140350877193
733,OECD - Total,2012,91273.16,10052338529.225998,49739924.5326,168813.39615789475,84191.76928430406,72.05263157894737
734,OECD - Total,2013,88089.44,10118166339.640997,50515280.1971,171142.07963157896,78302.07355891878,71.8438596491228
735,OECD - Total,2014,84066.64,10189243050.039999,51612839.3652,173470.76310526315,72412.37783353345,71.63508771929824
736,OECD - Total,2015,83179.96,10257399130.268,52945509.8568,175799.44657894736,66522.68210814818,71.42631578947368
737,OECD - Total,2016,80625.56,10324810316.515003,54730330.1386,178128.13005263158,60632.98638276284,71.21754385964913
738,OECD - Total,2017,78970.99,10385992037.744001,57392538.1342,180456.8135263158,54743.29065737757,71.00877192982456
739,Poland,1990,3649.823,297117178.3379998,733425.6019,182785.497,48853.59493199224,70.8
740,Poland,1991,4217.478,298174162.06,681971.5508,182576.9154,42963.89920660696,70.5
741,Poland,1992,4203.772,299149167.753,699122.9895,182368.3338,37074.20348122163,71.1
742,Poland,1993,4848.9,299993169.502,725258.3763,182159.75220000002,31184.507755836355,71.6
743,Poland,1994,4578.981,300656189.33300006,763644.8666,181951.1706,25294.812030451023,71.8
744,Poland,1995,4666.407999999999,301226166.1610001,816731.8759,181742.589,19405.116305065767,72.1
745,Poland,1996,4844.701,301726167.02699995,868691.4106,185868.37780000002,21719.12279911683,72.4
746,Poland,1997,4530.941,302138172.90700006,943645.0578,189994.1666,23619.0539703869,72.8
747,Poland,1998,3955.972,302469180.78000003,1001122.5775,194119.9554,24996.570004597303,73.2
748,Poland,1999,3925.1220000000003,302496181.21199995,1054915.2415,198245.7442,27408.37607932537,73.2
749,Poland,2000,3358.776,302795144.611,1089740.7037,202371.533,28323.5255840741,73.8
750,Poland,2001,3200.7740000000003,303615383.825,1075865.5246,207248.3364,30376.348839266735,74.2
751,Poland,2002,3198.6929999999998,304424365.37999994,1092315.5345,212125.1398,30610.359927222762,74.6
752,Poland,2003,3090.045,304963825.798,1129351.8861,217001.94319999998,31040.770054376164,74.7
753,Poland,2004,3092.973,305702624.12499994,1189879.6551,221878.74659999998,30888.783396182265,74.9
754,Poland,2005,3092.5879999999997,306395566.3480001,1228833.3033,226755.55,31028.362235077995,75.1
755,Poland,2006,3231.635,307009556.53900015,1305461.5108,188943.66249999998,31393.794773377365,75.3
756,Poland,2007,2999.6929999999998,307676032.5690001,1427447.3702,151131.775,32643.2423014024,75.4
757,Poland,2008,3011.903,308378072.37700003,1503788.5067,113319.8875,34875.48895468884,75.7
758,Poland,2009,2943.046,309229212.30099994,1500337.6454,75508.0,35138.73608689136,75.8
759,Poland,2010,3081.577,312613810.04099995,1562854.6049,263400.642,36466.50050802887,76.5
760,Poland,2011,2786.88,312971648.78399986,1628912.8438,188249.09466666664,37137.13639945303,76.8
761,Poland,2012,2792.844,313104100.35700005,1654966.6928,113097.54733333332,37276.603700384294,76.9
762,Poland,2013,2661.84,312822400.217,1678002.0322,37946.0,37760.956402339,77.1
763,Poland,2014,2391.97,312577254.36200005,1733685.6137,44849.9408,38511.38423343887,77.7
764,Poland,2015,2346.9139999999998,312172824.64199996,1800243.0,51753.8816,39180.87306913954,77.6
765,Poland,2016,2460.742,311705007.1840001,1861148.0,58657.8224,41063.782599178405,78.0
766,Poland,2017,2547.502,311320870.0149999,1989351.0,65561.7632,43154.66620405697,77.9
767,Portugal,1990,809.197,79133647.073,224215.80399999997,72465.704,38688.48326222159,74.1
768,Portugal,1991,820.817,79091426.20199998,234010.0133,62452.5632,34222.30032038621,74.1
769,Portugal,1992,857.628,79132896.376,238330.4825,52439.422399999996,29756.11737855083,74.7
770,Portugal,1993,831.2280000000001,79320315.511,235264.2488,42426.2816,25289.934436715448,74.6
771,Portugal,1994,839.1519999999999,79618358.61900002,244359.3201,32413.1408,20823.751494880067,75.5
772,Portugal,1995,850.414,79987328.67099997,248893.7652,22400.0,16357.568553044688,75.4
773,Portugal,1996,822.9939999999999,80368549.68600002,257707.6363,32466.1252,17057.330252770404,75.3
774,Portugal,1997,800.2919999999999,80791539.71399999,272019.3403,42532.2504,17609.975708052236,75.8
775,Portugal,1998,765.6260000000001,81267814.78899999,291720.3558,52598.3756,17923.5324669168,76.0
776,Portugal,1999,735.818,81794360.77700001,308378.3936,62664.500799999994,18629.6202247605,76.3
777,Portugal,2000,703.697,82433355.80300002,318516.3465,72730.62599999999,19039.01521137837,76.9
778,Portugal,2001,640.6569999999999,83068272.795,323594.7864,23819.697,19282.707103072866,77.2
779,Portugal,2002,618.1080000000001,83564134.62999998,322717.842,23002.286,19426.5088253186,77.4
780,Portugal,2003,594.895,83919519.59699999,315456.8157,25403.57,19539.4130871602,77.5
781,Portugal,2004,566.0319999999999,84166929.78200004,325362.728,28642.57,19682.6535803149,78.4
782,Portugal,2005,532.744,84385435.96200003,329789.1435,73814.71100000001,19752.585676966966,78.2
783,Portugal,2006,500.22900000000004,84616357.11500001,332625.4047,28261.482000000004,19496.641468586633,79.0
784,Portugal,2007,475.01099999999997,84873819.34799999,341013.7851,28369.664,19804.5460666405,79.2
785,Portugal,2008,436.62,85088673.80399999,345117.6547,26519.304,19885.733904810768,79.5
786,Portugal,2009,413.73900000000003,85254849.537,332972.8284,25176.984,20697.011508664567,79.7
787,Portugal,2010,412.121,85385766.57900001,338884.6174,28403.932210526316,20716.916987386234,80.0
788,Portugal,2011,383.51,85359965.88,319598.8806,31630.880421052632,20315.063794508267,80.6
789,Portugal,2012,371.36,85113751.214,302318.6942,34857.828631578945,19534.97888184983,80.5
790,Portugal,2013,352.54900000000004,84739041.74399999,299529.368,38084.77684210526,19979.8307512376,80.8
791,Portugal,2014,336.56699999999995,84375135.453,301902.2129,41311.72505263158,19645.90738514523,81.2
792,Portugal,2015,345.344,84124370.12699999,307312.4403,44538.67326315789,19654.426534140966,81.2
793,Portugal,2016,333.93300000000005,83938737.81900002,320538.9514,47765.62147368421,19743.47903703193,81.2
794,Portugal,2017,352.01599999999996,83796630.535,337616.8409,50992.569684210524,19764.7258218727,81.5
795,Russia,1990,9427.0,1169628629.265,693.1452,54219.51789473684,19358.973705612087,69.0
796,Russia,1991,9165.0,1173365033.916,1504.7556,57446.466105263156,18953.221589351477,68.8
797,Russia,1992,8171.0,1174079124.8499994,20797.3435,60673.41431578947,18547.469473090863,67.8
798,Russia,1993,7218.0,1172118365.7849998,186091.2519,63900.36252631579,18141.717356830253,65.3
799,Russia,1994,6512.0,1170077444.566,657148.5508,67127.3107368421,17735.96524056964,64.3
800,Russia,1995,6425.0,1168671471.036,44553050.4249,70354.25894736842,17330.21312430903,64.9
801,Russia,1996,6157.0,1167316280.9789996,42945680.4506,73581.20715789474,16924.461008048416,66.0
802,Russia,1997,5991.0,1167136256.4479997,43538822.6937,76808.15536842105,16518.708891787806,66.8
803,Russia,1998,5679.0,1167831993.5140002,41211731.5731,80035.10357894737,16112.956775527193,67.2
804,Russia,1999,5505.0,1167663804.2499995,43829130.1191,83262.05178947368,15707.204659266583,66.1
805,Russia,2000,5407.0,1166100407.136,48232054.1942,86489.0,15301.45254300597,65.6
806,Russia,2001,5254.0,1163948696.493,50687605.3692,89287.0,14895.700426745358,65.5
807,Russia,2002,5857.0,1161017196.3759995,53092115.2143,94656.0,14489.948310484746,65.3
808,Russia,2003,5929.0,1156954386.4700005,56965638.6632,111915.0,14084.196194224134,65.2
809,Russia,2004,6774.0,1152656108.4220002,61053463.9374,121516.0,13678.444077963522,65.6
810,Russia,2005,6521.0,1148790593.9500005,64946346.9829,124224.0,13272.69196170291,65.7
811,Russia,2006,17438.0,1145541728.966,70241703.2148,125427.0,12866.939845442299,66.9
812,Russia,2007,17485.0,1144535615.19,76236888.924,142177.0,12461.187729181687,67.7
813,Russia,2008,16299.0,1145500264.3319995,80237765.4333,113128.0,12055.435612921076,68.1
814,Russia,2009,15632.0,1147256777.1899996,73962462.0465,100059.0,11649.683496660464,68.8
815,Russia,2010,15363.0,1153409899.0629995,77293528.3995,112163.0,11243.931380399852,69.0
816,Russia,2011,15840.0,1159420307.7780004,80589460.9332,99676.07742857143,10838.17926413924,69.8
817,Russia,2012,16119.0,1161252976.647,84002729.0527,87189.15485714286,10432.427147878629,70.2
818,Russia,2013,15782.0,1163130291.8339994,85298515.9636,74702.23228571429,10026.675031618015,70.7
819,Russia,2014,15517.0,1164497117.601,85655152.3844,62215.309714285715,9620.922915357403,70.9
820,Russia,2015,15531.0,1165118449.803,83232618.4,49728.387142857144,9215.170799096792,71.3
821,Russia,2016,15862.0,1165470468.264,86043648.91,37241.46457142857,8809.41868283618,71.8
822,Slovak Republic,1990,1133.748,41174693.158,22705.1284,24754.542,8403.666566575568,71.2
823,Slovak Republic,1991,1059.935,41109222.77899999,24663.1628,25008.3364,7997.914450314956,71.2
824,Slovak Republic,1992,968.252,41441556.57399999,77048.6025,25262.1308,7592.162334054345,71.6
825,Slovak Republic,1993,860.951,41630860.451,78624.5699,25515.9252,7186.410217793733,72.1
826,Slovak Republic,1994,772.7660000000001,41754650.23199999,75125.0319,25769.7196,6780.65810153312,72.5
827,Slovak Republic,1995,707.275,41947483.60299999,82579.2535,26023.514,7387.384359906176,72.5
828,Slovak Republic,1996,647.073,42090930.800000004,96416.6586,26544.122199999998,8056.92754376348,72.9
829,Slovak Republic,1997,587.578,42245435.74700001,100757.0083,27064.7304,9211.650003925994,72.9
830,Slovak Republic,1998,602.151,42401628.257999994,104520.0644,27585.3386,9665.72796070421,72.8
831,Slovak Republic,1999,569.256,42540224.38800001,98047.4181,28105.9468,9606.01062204348,73.2
832,Slovak Republic,2000,546.297,42695238.318,98556.0968,28626.555,10096.743706978063,73.4
833,Slovak Republic,2001,562.778,42634830.74000001,106128.2578,28783.547,10190.039985247777,73.6
834,Slovak Republic,2002,483.108,42757620.43000001,109897.038,29030.549,10784.271090363367,73.8
835,Slovak Republic,2003,509.41900000000004,42884410.08100001,109269.0453,29554.581,11158.64867697792,73.8
836,Slovak Republic,2004,513.6519999999999,43029931.82900001,116094.0294,30336.63,11506.514524351158,74.2
837,Slovak Republic,2005,556.726,43176873.77400001,125737.5341,33359.88,12324.77692719992,74.2
838,Slovak Republic,2006,509.908,43314661.932,133579.2322,31699.716,12867.899383757123,74.4
839,Slovak Republic,2007,506.12699999999995,43466612.139000006,142937.7676,31697.717,13738.966781871643,74.5
840,Slovak Republic,2008,469.61699999999996,43625468.457,152229.4734,33039.803,14018.371924082743,75.0
841,Slovak Republic,2009,412.33,43777229.02500001,140521.1762,32980.779,14492.6704523165,75.3
842,Slovak Republic,2010,451.515,43920599.741,147899.7981,33766.825,15167.1155378784,75.6
843,Slovak Republic,2011,419.775,43689121.45,148952.0187,33515.787,15171.744974616668,76.1
844,Slovak Republic,2012,427.56699999999995,43784743.782000005,149684.7773,32484.679,15131.271608410398,76.2
845,Slovak Republic,2013,398.89099999999996,43844809.545,151397.3641,31801.654,15296.991315953133,76.5
846,Slovak Republic,2014,358.63599999999997,43898593.414,157095.2597,33575.78,15590.134940836768,76.9
847,Slovak Republic,2015,370.222,43940255.536,164670.2651,38646.765,16162.407979564932,76.7
848,Slovak Republic,2016,376.719,43975625.96200001,167402.1495,33479.772,16639.926527294432,77.3
849,Slovak Republic,2017,364.89300000000003,44006263.671,175381.694,33439.781,17162.215504668566,77.3
850,Slovenia,1990,304.436,15823600.890999997,41193.5754,15874.533000000001,16822.149952646934,73.8
851,Slovenia,1991,285.58,15873146.854,37527.303,17387.3041,16482.084400625303,73.5
852,Slovenia,1992,275.236,15852826.913999999,35476.9242,18900.0752,16142.018848603675,73.6
853,Slovenia,1993,289.02,15833521.882,36485.6814,20412.8463,15801.953296582044,73.5
854,Slovenia,1994,281.972,15843111.427,38429.4516,21925.6174,15461.887744560412,74.0
855,Slovenia,1995,280.707,15829385.846999997,3332538207732600.0,23438.3885,15121.822192538782,74.7
856,Slovenia,1996,289.46299999999997,15869854.884,3257624217689250.0,24951.1596,16151.353698371886,75.1
857,Slovenia,1997,261.569,15861072.019,2904775214505300.0,26463.930699999997,17260.556182237808,75.1
858,Slovenia,1998,225.05,15850187.031,3146193068153050.0,27976.7018,17690.78081484193,75.3
859,Slovenia,1999,202.81900000000002,15897847.509000003,4034744460244750.0,29489.4729,18218.2666706774,75.7
860,Slovenia,2000,187.438,15966215.955,3160759042215950.0,31002.244,18989.521825916167,76.1
861,Slovenia,2001,181.521,16010100.544999996,2669364563885100.0,31052.6538,20053.953976855,76.4
862,Slovenia,2002,177.87099999999998,16069219.058000004,2209094585867000.0,31103.0636,20428.724570453167,76.6
863,Slovenia,2003,176.53099999999998,16113458.308999997,2766028917954800.0,31153.4734,21099.382176479903,76.4
864,Slovenia,2004,165.678,16144239.715000004,2369906242919800.0,31203.8832,22290.317120951197,77.2
865,Slovenia,2005,162.398,16202939.127999999,1568640243002500.0,31254.293,23260.10124712487,77.4
866,Slovenia,2006,153.68,16286435.646999998,1101224217432200.0,31304.345,24151.531728401733,78.3
867,Slovenia,2007,146.972,16391199.921000002,1592818612055400.0,31357.3,24928.237327298364,78.3
868,Slovenia,2008,142.724,16426409.564999998,1606650726796600.0,31405.317,25650.68293409423,79.1
869,Slovenia,2009,131.515,16592032.228999998,793794422614900.0,31457.311,25965.275792359535,79.3
870,Slovenia,2010,130.016,16662118.108999997,359886281435100.0,27899.030333333336,26850.29832937487,79.8
871,Slovenia,2011,127.729,16703121.142000003,543105990771400.0,24340.749666666667,26875.23015353497,80.1
872,Slovenia,2012,122.60600000000001,16735874.112000002,275632495085400.0,20782.469,26150.251688628097,80.2
873,Slovenia,2013,121.444,16759816.164,122856248325900.0,30305.209333333332,25936.632988432295,80.4
874,Slovenia,2014,101.51,16780482.059,1260804339000.0,39827.94966666667,26341.747170400467,81.2
875,Slovenia,2015,107.319,16790290.419999998,65283.4203,49350.69,26799.210819115,80.9
876,Slovenia,2016,109.96,16797757.198,68542.216,58873.43033333334,27692.820602488897,81.3
877,Slovenia,2017,105.79899999999999,16812093.193,74685.047,68396.17066666667,28386.832272222335,81.1
878,Spain,1990,3688.802,308068248.02599996,1019058.5062,77918.911,24153.025333292568,77.0
879,Spain,1991,3733.7709999999997,309228940.207,1050149.7202,78542.7306,25008.846304841663,77.1
880,Spain,1992,3761.375,311244761.7139999,1060618.6366,79166.5502,26002.786107837328,77.6
881,Spain,1993,3541.2859999999996,313332276.7680001,1025359.4241,79790.3698,26457.954218040202,77.7
882,Spain,1994,3376.635,315326530.5829999,1048690.3861,80414.1894,26769.853574582532,78.1
883,Spain,1995,3059.054,317156214.0320001,1077607.9609,81038.00899999999,26906.128618742336,78.1
884,Spain,1996,3043.134,318875226.24599993,1106277.9842,81661.8286,27458.002354089233,78.3
885,Spain,1997,2852.664,320528556.376,1147238.8148,82285.6482,27635.578010796467,78.8
886,Spain,1998,2791.691,322170383.356,1199466.1354,82909.4678,27780.843688008634,78.9
887,Spain,1999,2628.59,323722806.43399984,1271341.2879,83533.2874,27807.46493641257,78.8
888,Spain,2000,2304.284,325409365.3920001,1336227.238,84157.107,27583.407182416337,79.3
889,Spain,2001,2110.238,327232587.99300003,1387612.9652,84966.8578,27795.081361783738,79.8
890,Spain,2002,2000.1760000000002,332583047.63400006,1434322.0213,85776.6086,28178.97282442197,79.9
891,Spain,2003,1899.881,338891968.411,1487150.5631,86586.3594,28313.498109763837,79.7
892,Spain,2004,1847.599,344453880.23200005,1555693.1608,87396.11020000001,28266.263812580266,80.4
893,Spain,2005,1763.4229999999998,351041018.29899997,1633670.003,88205.861,28670.02187699093,80.3
894,Spain,2006,1644.235,356709261.03499997,1717338.2196,89383.9516,28824.613531583334,81.1
895,Spain,2007,1611.237,363895746.14299995,1786168.6193,90562.0422,29455.718967980833,81.2
896,Spain,2008,1504.957,369977732.208,1775585.2305,91740.1328,30932.540665555935,81.5
897,Spain,2009,1358.372,373149274.293,1664666.4457,92918.2234,32949.109361237905,81.9
898,Spain,2010,1425.8229999999999,374885583.11,1657345.0382,94096.314,32556.87415739843,82.4
899,Spain,2011,1386.1970000000001,376478036.70400006,1610387.6702,125105.901,32311.3878764929,82.6
900,Spain,2012,1320.67,376978334.132,1562729.1924,156115.488,31602.981786014436,82.5
901,Spain,2013,1301.0510000000002,375886567.99600005,1540297.8673,187125.075,31769.529797899868,83.2
902,Spain,2014,1314.277,375139025.349,1561614.1718,218134.662,31790.331589497404,83.3
903,Spain,2015,1299.182,375220179.05599993,1621504.7716,249144.249,32328.98933710087,82.9
904,Spain,2016,1293.049,376002674.238,1699205.0666,280153.836,32141.6653736158,83.4
905,Spain,2017,1310.112,377121819.13899994,1811953.3267,311163.423,31654.322898442264,83.4
906,Sweden,1990,1074.8419999999999,68012511.22199997,2631344.3641,342173.01,152033.17437570376,77.7
907,Sweden,1991,1121.754,68435296.77299999,2578629.1398,342217.9805,149908.41035040581,77.9
908,Sweden,1992,1064.693,68815746.246,2543535.0639,342262.951,155913.7966278115,78.2
909,Sweden,1993,969.091,69219081.78199999,2414930.4533,342307.9215,157156.5867852275,78.2
910,Sweden,1994,987.3889999999999,69740737.44299999,2500083.4762,342352.892,162682.04387893892,78.9
911,Sweden,1995,932.2460000000001,70172361.04399998,2562670.0,342397.86250000005,164876.61616089605,79.0
912,Sweden,1996,905.1360000000001,70377230.35700001,2604054.0,342442.83300000004,175175.46381184738,79.2
913,Sweden,1997,825.7689999999999,70518621.468,2684757.0,342487.80350000004,183270.78031404692,79.4
914,Sweden,1998,780.643,70660502.51999998,2799155.0,342532.77400000003,189425.41119354483,79.5
915,Sweden,1999,721.695,70816863.51499999,2919833.0,342577.74450000003,194525.09917346571,79.6
916,Sweden,2000,663.383,71023330.64900002,3062161.0,342622.715,201056.64218362127,79.7
917,Sweden,2001,625.371,71294564.082,3107111.0,352230.532,204746.70811150942,79.9
918,Sweden,2002,590.476,71597515.74700002,3175345.0,361838.349,209117.52145914536,79.9
919,Sweden,2003,578.957,71932543.664,3246619.0,371446.166,213146.19571050513,80.3
920,Sweden,2004,541.737,72280309.78299999,3387072.0,381053.983,220361.11911243355,80.6
921,Sweden,2005,528.942,72639659.85700001,3485158.0,390661.8,225709.88992906772,80.7
922,Sweden,2006,502.56300000000005,73115410.01600002,3645562.0,390256.515,232345.49249232933,81.0
923,Sweden,2007,497.73699999999997,73696334.50700003,3770637.0,389851.23,241318.36020427232,81.1
924,Sweden,2008,480.72,74274715.33299997,3761501.0,389445.94499999995,247970.2763449405,81.3
925,Sweden,2009,466.298,74880158.403,3602148.0,389040.66,252053.6618323256,81.5
926,Sweden,2010,454.845,75467053.517,3825086.0,446320.734,255250.27467468122,81.6
927,Sweden,2011,441.231,75971326.494,3941840.0,413140.716,260395.81486657614,81.9
928,Sweden,2012,417.708,76463863.33299999,3916968.0,294210.682,266758.3547572047,81.8
929,Sweden,2013,411.716,77042156.03999996,3959578.0,297230.668,270418.8359028074,82.0
930,Sweden,2014,397.741,77752676.507,4068359.0,308420.71,274527.7722540158,82.3
931,Sweden,2015,385.153,78541062.667,4248213.0,348220.722,280297.07293228107,82.3
932,Sweden,2016,386.035,79500524.57599999,4415799.0,183100.0,285374.78398540727,82.4
933,Sweden,2017,385.43199999999996,80551186.41,4621046.0,178300.0,289297.19504385564,82.5
934,Switzerland,1990,731.455,53574979.297,463304.342,10822.0,58635.7146518436,77.5
935,Switzerland,1991,698.328,54253361.894,459061.3241,13734.6756,60672.86721316571,77.8
936,Switzerland,1992,645.815,54833813.25900001,458860.5628,16647.3512,61987.30292908774,78.1
937,Switzerland,1993,568.295,55329556.672,458282.474,19560.0268,63159.39260264733,78.4
938,Switzerland,1994,524.7909999999999,55784264.11299999,464101.55100000004,22472.702400000002,63927.64936281987,78.6
939,Switzerland,1995,490.411,56179923.72399999,466333.3408,25385.378,64376.25629597647,78.7
940,Switzerland,1996,474.73699999999997,56459237.44499999,468851.5879,28298.0536,65162.505716028805,79.1
941,Switzerland,1997,443.653,56637555.23899999,479823.4178,31210.7292,66269.71282783493,79.3
942,Switzerland,1998,423.462,56854597.142000005,494169.619,34123.404800000004,66386.5612095408,79.6
943,Switzerland,1999,409.834,57171421.15700002,502544.4096,37036.0804,67464.72559814787,79.8
944,Switzerland,2000,383.811,57535759.258999996,619790.49,39948.756,68219.5267327677,79.9
945,Switzerland,2001,364.361,57955790.74599999,529183.8612,40193.3516,70904.2472263149,80.4
946,Switzerland,2002,339.796,58468364.577999994,530044.3825,40437.9472,71912.67745414657,80.6
947,Switzerland,2003,331.767,58960280.322000004,530254.1558,40682.542799999996,71986.41002046366,80.6
948,Switzerland,2004,315.8,59426070.177999996,544975.1963,40927.138399999996,71507.22149433277,81.2
949,Switzerland,2005,301.82599999999996,59872220.03899999,561952.5117,41171.734,72875.31149764433,81.4
950,Switzerland,2006,280.11,60314783.974,584366.8159,41392.11,73646.86445089789,81.7
951,Switzerland,2007,264.159,60911855.977,608395.1883,41612.486,75091.6097330558,82.0
952,Switzerland,2008,254.35299999999998,61731941.96999999,623901.4364,41832.862,76011.58861268814,82.2
953,Switzerland,2009,237.873,62545004.04100001,612245.0695,42053.238,77379.7887566386,82.3
954,Switzerland,2010,228.25799999999998,63238358.23499999,632629.6888,42273.614,77681.48239692756,82.6
955,Switzerland,2011,206.986,63966198.42100001,699579.6386,42720.8102,77800.08265951059,82.8
956,Switzerland,2012,199.378,64689518.599,706617.8163,43168.0064,78861.71937529887,82.8
957,Switzerland,2013,192.028,65479700.705000006,688504.2155,43615.202600000004,79917.9457483497,82.9
958,Switzerland,2014,173.44299999999998,66328940.726,35133406170.9961,44062.3988,80000.61236960997,83.3
959,Switzerland,2015,164.426,67134140.72299999,718638.5809,44509.595,79729.3190664943,83.0
960,Switzerland,2016,160.32,67907620.78299998,691544.0390000001,45767.23566666667,79491.7255606298,83.7
961,Switzerland,2017,154.113,68572680.87099999,23249044287.6953,47024.87633333333,79440.8614191123,83.6
962,Turkey,1990,2025.249,413536384.7050001,782429.2598,48282.517,77514.58720646244,67.5
963,Turkey,1991,2062.985,421084072.689,789678.5934,48462.1006,75588.31299381256,67.8
964,Turkey,1992,2093.9570000000003,428631831.6590001,836935.193,48641.684199999996,73662.0387811627,68.2
965,Turkey,1993,2061.7670000000003,436179544.622,1035601476.6387699,48821.2678,71735.76456851284,68.5
966,Turkey,1994,2391.575,443734549.573,854909.3124,49000.8514,69809.49035586297,68.9
967,Turkey,1995,2412.861,451281550.51900005,916387.7189,49180.435,67883.2161432131,69.3
968,Turkey,1996,2501.766,458827773.46400005,980583.5958,42371.547999999995,65956.94193056323,69.7
969,Turkey,1997,2660.495,466372868.414,352448765.884265,35562.661,64030.66771791336,70.1
970,Turkey,1998,2585.004,473726776.36099994,79298282.73691401,28753.773999999998,62104.39350526349,70.3
971,Turkey,1999,2473.106,481245185.3219999,46671811.820971996,21944.887,60178.11929261363,70.7
972,Turkey,2000,2605.4570000000003,488827511.95800006,72476341.803564,15136.0,58251.84507996376,71.1
973,Turkey,2001,2357.09,496436066.18599993,75926536.771973,15288.0,56325.57086731389,71.5
974,Turkey,2002,2419.822,503730534.2109999,83299678.689868,15440.0,54399.296654664024,71.9
975,Turkey,2003,2376.004,510809653.11499995,70478665.74702099,15592.0,52473.02244201415,72.3
976,Turkey,2004,2375.947,518005669.05300003,78661128.991284,15744.0,50546.74822936428,72.7
977,Turkey,2005,2318.405,525436332.06199986,27120465.009082,15896.0,48620.47401671442,73.1
978,Turkey,2006,2350.264,533043614.127,26750607.808301,38091.129,46694.199804064556,73.4
979,Turkey,2007,2522.619,540661408.2760001,5896947.874072,60286.258,44767.925591414685,73.7
980,Turkey,2008,2722.377,548114508.833,1605076.9393,82481.387,42841.651378764815,73.9
981,Turkey,2009,2933.366,556408051.584,1529566.6408,104676.516,40915.37716611495,74.1
982,Turkey,2010,2898.822,565894614.5819999,1659386.6544,72564.453,38989.10295346508,74.3
983,Turkey,2011,2636.8,575300023.3110001,1843802.5164,110523.475,37062.82874081521,74.6
984,Turkey,2012,2825.063,583662720.1720002,1932119.5544,123439.424,35136.55452816535,74.6
985,Turkey,2013,2042.579,592208965.2880002,2096181.8036,123227.424,33210.280315515476,78.0
986,Turkey,2014,2149.2070000000003,601257194.6930001,4462891.859912001,126565.457,31284.006102865605,78.0
987,Turkey,2015,2182.265,610387648.3850001,2399639.539,91808.463,29357.731890215742,78.0
988,Turkey,2016,2250.319,619649387.81,2683794.269,91808.46,27431.45767756587,78.0
989,Turkey,2017,2349.93,628370889.1010001,3250962.922,91808.44,25505.183464916,78.1
990,United Kingdom,1990,8027.403,454030615.106,1788750.4502,27172.409,23578.909252266134,75.7
991,United Kingdom,1991,8161.059,455243186.2560001,1732002.7227,27852.6174,23997.119080914203,75.9
992,United Kingdom,1992,7860.217,456138469.32299984,1745690.0335,28532.8258,24658.063632293135,76.3
993,United Kingdom,1993,7663.147,457113522.414,1780909.0382,29213.034200000002,25185.921790801935,76.2
994,United Kingdom,1994,7103.776999999999,458403629.464,1839592.4449,29893.2426,25728.785966616433,76.8
995,United Kingdom,1995,6530.768,459896238.71699995,1905295.3803,30573.451,25933.808216322766,76.7
996,United Kingdom,1996,6645.023,461250343.842,1952766.4466,30608.4526,26136.8319531616,76.9
997,United Kingdom,1997,5929.757,463027549.139,2028042.2725,30643.4542,27002.08936476843,77.2
998,United Kingdom,1998,5455.363,464826674.603,2101961.4402,30678.4558,28363.276488907733,77.3
999,United Kingdom,1999,5098.304,466922160.145,2174021.3732,30713.4574,29451.83540415087,77.5
1000,United Kingdom,2000,4440.569,469032563.63699996,2248752.7409,30748.459,30874.495438425434,77.9
1001,United Kingdom,2001,4463.129,471285507.537,2321386.8284,31095.0634,32436.452034769798,78.2
1002,United Kingdom,2002,3978.239,473661235.62599987,2399590.5128,31441.6678,33021.915172601235,78.3
1003,United Kingdom,2003,3622.7790000000005,476136851.798,2477246.6995,31788.2722,34022.112506207595,78.4
1004,United Kingdom,2004,3405.881,478922117.857,2549962.1025,32134.8766,34955.9994646663,79.0
1005,United Kingdom,2005,3157.362,482906797.5610001,2627189.6166,32481.481,35079.0380118088,79.2
1006,United Kingdom,2006,2961.656,486604963.17599994,2769552.7643,32911.8862,36134.31471507453,79.5
1007,United Kingdom,2007,2748.489,490788705.1499999,3162442.1819,33342.2914,37373.655531915865,79.7
1008,United Kingdom,2008,2594.584,494978779.28300005,3127392.1758,33772.696599999996,36778.0438646549,79.8
1009,United Kingdom,2009,2123.474,498617251.517,2856938.2751,34203.1018,37506.03696038477,80.4
1010,United Kingdom,2010,2035.7020000000002,502733365.86500007,2666782.2852,34633.507,37738.51330599774,80.6
1011,United Kingdom,2011,1850.214,507128244.255,2690288.8516,34707.9314,37163.8393179669,81.0
1012,United Kingdom,2012,1833.537,510301809.5859999,2736593.0657,34782.3558,37077.015212166065,81.0
1013,United Kingdom,2013,1832.501,513514386.2530001,2821590.1732,34856.7802,37436.0705112197,81.1
1014,United Kingdom,2014,1742.181,517584280.7880001,3106521.2498,34931.2046,37341.42852286587,81.4
1015,United Kingdom,2015,1702.236,521854276.978,3195251.4969,35005.629,37690.143177669204,81.0
1016,United Kingdom,2016,1567.495,526296713.023,3098029.1901,742051.6996666666,38143.77676867777,81.2
1017,United Kingdom,2017,1550.056,529609019.029,3203114.3251,1449097.7703333332,38488.84715443946,81.3
1018,United States,1990,130278.132,1953649307.6639998,9818013.5077,2156143.841,39414.78152183757,75.3
1019,United States,1991,126147.974,1978831257.187,9803355.2514,2148455.864,39982.68628242514,75.5
1020,United States,1992,122024.119,2005970280.8469996,10148672.8026,2171790.8140000002,41162.529543137505,75.7
1021,United States,1993,117359.89199999999,2032913776.6390004,10428049.9661,2195125.768,41167.69979971767,75.5
1022,United States,1994,112918.431,2058443718.2380002,10883604.1099,2218460.7539999997,41215.98247463067,75.7
1023,United States,1995,108930.59,2084036881.703,11158864.1752,2241795.751,41669.95350572254,75.7
1024,United States,1996,103743.79400000001,2109305447.0589998,11592985.7031,2265134.723,42498.869965247235,76.1
1025,United States,1997,100805.508,2138181104.5970004,12139506.5138,2286186.724,43745.89440278287,76.5
1026,United States,1998,98636.21699999999,2166129412.334,12815340.7169,2307238.715,45639.188787498766,76.7
1027,United States,1999,94378.84800000001,2193814030.0990005,13523014.9856,2328290.714,47014.282381599536,76.7
1028,United States,2000,92913.61,2221125724.911999,14175433.662,2349342.7290000003,48923.96255960977,76.7
1029,United States,2001,89375.868,2246533081.741,14340720.7272,2370391.697,49589.33352267797,76.9
1030,United States,2002,79816.663,2270847678.4270005,14670493.0578,2439577.656,50157.159862922235,77.0
1031,United States,2003,77602.959,2293789391.1610003,15137227.2893,2508763.626,51040.2620737089,77.1
1032,United States,2004,75384.36099999999,2318674777.769001,15784380.6692,2577949.636,52345.355547753636,77.6
1033,United States,2005,73161.908,2344057507.262,16353689.6695,2647135.6229999997,52825.7357367702,77.6
1034,United States,2006,70704.493,2370179260.789001,16811189.7875,2716319.5949999997,54081.78398312873,77.8
1035,United States,2007,68247.078,2396492644.5569997,17025839.1789,2724161.568,55566.469991773134,78.1
1036,United States,2008,61195.15,2421487858.617999,16833952.0219,2732003.491,55873.431288573534,78.1
1037,United States,2009,54933.143,2445310727.584,16240880.0037,2739845.4469999997,56309.17616086444,78.5
1038,United States,2010,55857.149000000005,2470477779.5550003,16726272.4984,2747687.455,57181.9433788183,78.6
1039,United States,2011,55393.765999999996,2491576863.476001,16979434.3403,2755525.473,57709.461294300396,78.7
1040,United States,2012,53609.261,2511080648.2670007,17349009.4943,2755525.473,58524.83893222614,78.8
1041,United States,2013,51824.755,2530007068.7359996,17621403.8545,2755525.473,58498.3534860892,78.8
1042,United States,2014,50040.25,2550016031.098,18096401.202999998,2755525.473,59616.63816377,78.9
1043,United States,2015,49064.69,2569993409.2690005,18744625.0,2755525.473,61129.61394304,78.7
1044,United States,2016,46691.742999999995,2589069051.456,19233847.0,2755525.473,61387.9555066508,78.7
1045,United States,2017,45017.49,2605750705.72,20094759.0,2755525.473,62310.384842413136,78.6
